net/minecraft/world/chunk/storage/IChunkLoader	aqc
net/minecraft/block/BlockMycelium	amd
net/minecraft/inventory/ContainerEnchantment	aag
net/minecraft/world/biome/WorldChunkManagerHell	aie
net/minecraft/world/gen/structure/ComponentScatteredFeaturePieces$DesertPyramid	aub
net/minecraft/client/stream/ChatController	bue
net/minecraft/client/renderer/texture/TextureManager	bqf
net/minecraft/client/gui/achievement/GuiAchievements	bei
net/minecraft/client/model/ModelSquid	bih
net/minecraft/client/shader/Framebuffer	bmg
net/minecraft/client/network/NetHandlerHandshakeMemory	na
net/minecraft/network/play/client/C02PacketUseEntity$Action	jb
net/minecraft/util/MessageDeserializer2	fc
net/minecraft/command/server/CommandPardonIp	bd
net/minecraft/block/BlockPumpkin	amw
net/minecraft/item/crafting/RecipeFireworks	aey
net/minecraft/inventory/ContainerDispenser	aaz
net/minecraft/world/biome/BiomeGenEnd	aix
net/minecraft/command/CommandHandler	z
net/minecraft/client/resources/IResourceManager	bqy
net/minecraft/server/management/PlayerProfileCache$1	nt
net/minecraft/network/login/server/S00PacketDisconnect	ju
net/minecraft/network/play/INetHandlerPlayClient	fv
net/minecraft/item/ItemSoup	abn
net/minecraft/enchantment/EnchantmentArrowDamage	afm
net/minecraft/client/resources/SkinManager$3	brm
net/minecraft/world/gen/ChunkProviderFlat	aqu
net/minecraft/world/gen/structure/StructureStrongholdPieces$Prison	aut
net/minecraft/world/storage/WorldInfo	ays
net/minecraft/util/MinecraftError	bbq
net/minecraft/util/EnchantmentNameParts	bfp
net/minecraft/client/multiplayer/ServerData$ServerResourceMode	bjo
net/minecraft/client/renderer/entity/RenderManager	bnn
net/minecraft/dispenser/IBlockSource	ck
net/minecraft/entity/projectile/EntityWitherSkull	zp
net/minecraft/entity/ai/EntityAINearestAttackableTarget$Sorter	vq
net/minecraft/potion/PotionAbsoption	rr
net/minecraft/server/management/PlayerProfileCache	ns
net/minecraft/block/BlockSapling	anj
net/minecraft/item/crafting/RecipesWeapons	afl
net/minecraft/block/Block$2	ajk
net/minecraft/world/gen/structure/MapGenStructure$3	avh
net/minecraft/client/gui/GuiLabel	bce
net/minecraft/client/gui/ServerListEntryNormal$1	bgd
net/minecraft/client/resources/SkinManager$2	brl
net/minecraft/entity/passive/EntityBat	we
net/minecraft/server/management/PreYggdrasilConverter$7	og
net/minecraft/network/status/INetHandlerStatusServer	kh
net/minecraft/network/play/server/S3APacketTabComplete	gi
net/minecraft/creativetab/CreativeTabs$4	aca
net/minecraft/scoreboard/Score	azz
net/minecraft/client/gui/ServerListEntryNormal	bgc
net/minecraft/client/renderer/entity/RenderItem$2	boa
net/minecraft/entity/IEntityMultiPart	wx
net/minecraft/entity/IEntityLivingData	sy
net/minecraft/network/rcon/RConThreadClient	oz
net/minecraft/tileentity/TileEntityBeacon	aoq
net/minecraft/block/BlockDynamicLiquid	akr
net/minecraft/item/ItemFishFood	act
net/minecraft/block/BlockEventData	ags
net/minecraft/client/audio/SoundListSerializer	bss
net/minecraft/client/renderer/entity/RenderSlime	bot
net/minecraft/scoreboard/ScorePlayerTeam	azy
net/minecraft/client/gui/GuiYesNo	bcw
net/minecraft/client/main/Main$2	bgv
net/minecraft/client/particle/EntityReddustFX	bku
net/minecraft/util/TupleIntJsonSerializable	pn
net/minecraft/network/rcon/IServer	lo
net/minecraft/network/play/server/S0APacketUseBed	hp
net/minecraft/nbt/NBTTagList	dq
net/minecraft/item/ItemMap	adh
net/minecraft/client/shader/ShaderDefault	bph
net/minecraft/world/gen/feature/WorldGenSwamp	aso
net/minecraft/block/BlockCarpet	aop
net/minecraft/client/gui/GuiLanguage$List	bdk
net/minecraft/client/model/ModelCreeper	bhj
net/minecraft/util/MovementInput	bli
net/minecraft/nbt/JsonToNBT$List	ee
net/minecraft/command/server/CommandBanIp	af
net/minecraft/entity/item/EntityItem	xk
net/minecraft/entity/ai/attributes/BaseAttributeMap	tl
net/minecraft/stats/IStatType	pm
net/minecraft/world/gen/structure/StructureMineshaftStart	atc
net/minecraft/tileentity/TileEntityEnchantmentTable	apd
net/minecraft/block/BlockFurnace	ale
net/minecraft/item/ItemLeaves	adg
net/minecraft/world/World$4	ahf
net/minecraft/world/gen/layer/GenLayerAddIsland	axb
net/minecraft/client/util/JsonBlendingMode	bpg
net/minecraft/realms/RealmsMth	net/minecraft/realms/RealmsMth
net/minecraft/util/IntHashMap$Entry	qa
net/minecraft/server/gui/MinecraftServerGui$3	mb
net/minecraft/network/play/server/S3BPacketScoreboardObjective	ic
net/minecraft/nbt/JsonToNBT$Compound	ed
net/minecraft/realms/RendererUtility	net/minecraft/realms/RendererUtility
net/minecraft/world/gen/structure/StructureNetherBridgePieces$Stairs	atv
net/minecraft/world/chunk/EmptyChunk	apw
net/minecraft/block/BlockLog	alx
net/minecraft/item/ItemSign	adz
net/minecraft/world/biome/BiomeCache	ahy
net/minecraft/world/gen/layer/GenLayerRiver	axu
net/minecraft/client/renderer/texture/TextureMap	bpz
net/minecraft/entity/monster/EntityZombie$1	yr
net/minecraft/entity/ai/EntityAIMoveThroughVillage	us
net/minecraft/world/WorldServer$1	mu
net/minecraft/network/play/client/C0FPacketConfirmTransaction	iv
net/minecraft/network/NetworkStatistics$PacketStat	ew
net/minecraft/command/server/CommandListBans	ax
net/minecraft/realms/ServerPing	net/minecraft/realms/ServerPing
net/minecraft/world/chunk/storage/AnvilChunkLoader	aqk
net/minecraft/block/BlockOldLeaf	aml
net/minecraft/potion/PotionHelper	aen
net/minecraft/inventory/ContainerHorseInventory$2	aao
net/minecraft/world/biome/BiomeGenMushroomIsland	aim
net/minecraft/crash/CrashReportCategory$Entry	o
net/minecraft/client/stream/IStream	bum
net/minecraft/client/resources/AbstractResourcePack	bqn
net/minecraft/client/Minecraft$11	bar
net/minecraft/client/gui/achievement/GuiStats$Stats	beq
net/minecraft/client/model/ModelZombie	bip
net/minecraft/client/renderer/tileentity/TileEntityEnderChestRenderer	bmo
net/minecraft/network/NetHandlerPlayServer$1	ni
net/minecraft/network/play/client/C0BPacketEntityAction	jj
net/minecraft/util/IChatComponent$Serializer	fk
net/minecraft/command/ServerCommandManager	bl
net/minecraft/entity/monster/EntityZombie	yq
net/minecraft/item/ItemArmor$1	abc
net/minecraft/item/crafting/RecipesMapCloning	afb
net/minecraft/client/resources/ResourcePackFileNotFoundException	brb
net/minecraft/world/chunk/storage/RegionFileCache	aqj
net/minecraft/world/gen/structure/StructureStrongholdPieces	aui
net/minecraft/client/Minecraft$9	bbf
net/minecraft/client/gui/GuiScreenBook	bfe
net/minecraft/client/multiplayer/ChunkProviderClient	bjd
net/minecraft/client/renderer/entity/RenderBat	bnc
net/minecraft/entity/projectile/EntityFireball	ze
net/minecraft/entity/ai/EntityAIRestrictSun	vf
net/minecraft/client/renderer/texture/IIconRegister	rg
net/minecraft/item/crafting/FurnaceRecipes	afa
net/minecraft/client/gui/MapItemRenderer$1	bby
net/minecraft/client/gui/inventory/GuiEditSign	bfx
net/minecraft/client/resources/IResourcePack	bra
net/minecraft/inventory/ContainerBeacon	zx
net/minecraft/village/VillageDoorInfo	vy
net/minecraft/world/gen/feature/WorldGenFire	arq
net/minecraft/block/BlockStainedGlassPane	anr
net/minecraft/creativetab/CreativeTabs$1	abu
net/minecraft/enchantment/Enchantment	aft
net/minecraft/block/BlockButton	ajs
net/minecraft/world/gen/structure/StructureVillagePieces	avp
net/minecraft/world/storage/SaveHandlerMP	azo
net/minecraft/client/resources/data/BaseMetadataSectionSerializer	brt
net/minecraft/client/gui/GuiMerchant$MerchantButton	bfw
net/minecraft/client/particle/EntityBubbleFX	bjv
net/minecraft/client/renderer/entity/RenderGiantZombie	bnu
net/minecraft/entity/passive/EntityMooshroom	wm
net/minecraft/server/management/UserList$Serializer	oo
net/minecraft/init/Bootstrap$12	kp
net/minecraft/network/play/server/S2FPacketSetSlot	gq
net/minecraft/util/EnumFacing	cr
net/minecraft/block/BlockTripWire	aof
net/minecraft/block/BlockDaylightDetector	akg
net/minecraft/item/ItemDoublePlant	aci
net/minecraft/enchantment/EnchantmentOxygen	agh
net/minecraft/client/resources/data/PackMetadataSectionSerializer	bsh
net/minecraft/client/gui/GuiOptionsRowList$Row	bcl
net/minecraft/client/gui/GuiResourcePackList	bgk
net/minecraft/client/particle/EntityHugeExplodeFX	bkj
net/minecraft/client/renderer/entity/RenderMinecart	boi
net/minecraft/stats/AchievementList	pc
net/minecraft/client/util/JsonException$Entry	ld
net/minecraft/network/play/server/S34PacketMaps	he
net/minecraft/nbt/NBTTagByteArray	df
net/minecraft/world/gen/feature/WorldGenDungeons	asd
net/minecraft/world/gen/structure/StructureVillagePieces$House3	awc
net/minecraft/nbt/NBTBase	dy
net/minecraft/entity/IEntityOwnable	ta
net/minecraft/stats/Achievement	pb
net/minecraft/world/gen/structure/MapGenMineshaft	asw
net/minecraft/tileentity/TileEntityCommandBlock	aox
net/minecraft/block/BlockFarmland	aky
net/minecraft/world/GameRules$Value	agz
net/minecraft/block/material/MapColor	awv
net/minecraft/client/gui/GuiFlatPresets$ListSlot	bds
net/minecraft/client/model/ModelBase	bhr
net/minecraft/server/integrated/IntegratedServer$2	bsz
net/minecraft/entity/item/EntityMinecartEmpty	xs
net/minecraft/entity/ai/EntityJumpHelper	tt
net/minecraft/util/JsonUtils	pu
net/minecraft/server/dedicated/DedicatedServer$2	lv
net/minecraft/network/play/server/S1CPacketEntityMetadata	hw
net/minecraft/nbt/NBTTagString	dx
net/minecraft/world/gen/structure/StructureNetherBridgePieces$Corridor4	atk
net/minecraft/tileentity/TileEntityNote	apl
net/minecraft/block/BlockHay	alm
net/minecraft/item/ItemPiston	ado
net/minecraft/world/EnumSkyBlock	ahn
net/minecraft/world/gen/layer/GenLayerFuzzyZoom	axj
net/minecraft/client/audio/SoundManager$SoundSystemStarterThread	btn
net/minecraft/client/shader/ShaderUniform	bpo
net/minecraft/client/model/ModelMinecart	bhq
net/minecraft/client/renderer/RenderSorter	blp
net/minecraft/entity/monster/EntityMob	yg
net/minecraft/entity/ai/EntityAIFollowParent	uh
net/minecraft/profiler/Profiler	qi
net/minecraft/client/renderer/DestroyBlockProgress	mj
net/minecraft/network/play/server/S18PacketEntityTeleport	ik
net/minecraft/network/NetworkManager$2	el
net/minecraft/command/CommandEffect	am
net/minecraft/block/BlockMobSpawner	ama
net/minecraft/item/ItemSnow	aec
net/minecraft/inventory/ContainerChest	aad
net/minecraft/world/biome/WorldChunkManager	aib
net/minecraft/crash/CrashReport$2	d
net/minecraft/client/stream/BroadcastController$SwitchBroadcastState	bub
net/minecraft/client/renderer/texture/TextureMap$3	bqc
net/minecraft/scoreboard/ScoreHealthCriteria	bag
net/minecraft/client/gui/GuiVideoSettings	bef
net/minecraft/client/model/ModelSlime	bie
net/minecraft/client/renderer/RenderList	bmd
net/minecraft/command/server/CommandMessageRaw	ba
net/minecraft/item/crafting/RecipesArmor	aev
net/minecraft/inventory/InventoryCraftResult	aaw
net/minecraft/client/audio/SoundCategory	w
net/minecraft/client/resources/IReloadableResourceManager	bqv
net/minecraft/client/Minecraft$3	baz
net/minecraft/client/gui/GuiRepair	bey
net/minecraft/client/model/ModelRenderer	bix
net/minecraft/client/renderer/culling/ClippingHelperImpl	bmw
net/minecraft/util/ChatComponentTranslationFormatException	fs
net/minecraft/command/server/CommandStop	bt
net/minecraft/entity/player/InventoryPlayer$1	yy
net/minecraft/entity/ai/EntityAIPanic	uz
net/minecraft/world/WorldProviderEnd	aqr
net/minecraft/block/BlockCompressedPowered	ams
net/minecraft/item/crafting/RecipesArmorDyes	aeu
net/minecraft/world/biome/BiomeGenSavanna$Mutated	ait
net/minecraft/world/gen/structure/StructureStrongholdPieces$Library	auq
net/minecraft/world/storage/DerivedWorldInfo	ayp
net/minecraft/client/settings/GameSettings$Options$1	bbn
net/minecraft/client/gui/inventory/GuiContainerCreative$ContainerCreative	bfm
net/minecraft/realms/RealmsServerStatusPinger$1	but
net/minecraft/client/resources/GrassColorReloadListener	bqu
net/minecraft/entity/item/EntityEnderPearl	zm
net/minecraft/entity/ai/EntityAIHurtByTarget	vn
net/minecraft/util/DamageSource	ro
net/minecraft/server/network/NetHandlerLoginServer$LoginState	np
net/minecraft/network/handshake/INetHandlerHandshakeServer	jq
net/minecraft/util/ChatComponentTranslation	fr
net/minecraft/world/gen/feature/WorldGenBlockBlob	arf
net/minecraft/block/BlockRotatedPillar	ang
net/minecraft/item/ItemBoat	abj
net/minecraft/item/crafting/ShapelessRecipes	afi
net/minecraft/block/BlockBed	ajh
net/minecraft/world/gen/structure/MapGenStructure	ave
net/minecraft/client/AnvilConverterException	azd
net/minecraft/client/main/Main	net/minecraft/client/main/Main
net/minecraft/client/resources/SimpleResource	bri
net/minecraft/client/gui/inventory/GuiContainerCreative	bfl
net/minecraft/client/entity/EntityClientPlayerMP	bjk
net/minecraft/client/renderer/entity/RenderEntity	bnj
net/minecraft/village/VillageSiege	wb
net/minecraft/entity/Entity$2	sc
net/minecraft/server/management/PreYggdrasilConverter$4	od
net/minecraft/network/ServerStatusResponse$Serializer	ke
net/minecraft/network/play/server/S35PacketUpdateTileEntity	gf
net/minecraft/command/PlayerNotFoundException	cg
net/minecraft/world/gen/feature/WorldGenGlowStone1	ary
net/minecraft/block/BlockTallGrass	anz
net/minecraft/client/gui/ScaledResolution	bca
net/minecraft/network/rcon/RConThreadBase	ow
net/minecraft/init/Bootstrap$6	kx
net/minecraft/network/play/server/S21PacketChunkData$Extracted	gy
net/minecraft/util/IRegistry	cz
net/minecraft/item/ItemFireball	acq
net/minecraft/command/server/CommandBlockLogic	agp
net/minecraft/client/audio/SoundList	bsp
net/minecraft/client/renderer/entity/RenderSheep	boq
net/minecraft/world/gen/feature/WorldGenLakes	arx
net/minecraft/world/gen/structure/StructureVillagePieces$House4Garden	avw
net/minecraft/util/MovingObjectPosition$MovingObjectType	azv
net/minecraft/client/gui/GuiChat	bct
net/minecraft/client/gui/stream/GuiTwitchUserMode	bgs
net/minecraft/client/particle/EffectRenderer$4	bkr
net/minecraft/nbt/NBTTagIntArray	dn
net/minecraft/entity/monster/EntityIronGolem	wt
net/minecraft/entity/EntityLeashKnot	su
net/minecraft/world/gen/feature/WorldGenSpikes	asl
net/minecraft/block/BlockWood	aom
net/minecraft/block/BlockDoor	akn
net/minecraft/village/MerchantRecipeList	ago
net/minecraft/world/gen/NoiseGeneratorOctaves	awk
net/minecraft/client/gui/GuiErrorScreen	bdh
net/minecraft/client/model/ModelChest	bhg
net/minecraft/client/audio/PositionedSoundRecord	bso
net/minecraft/entity/effect/EntityLightningBolt	xh
net/minecraft/entity/ai/attributes/IAttributeInstance	ti
net/minecraft/stats/StatBase$2	pj
net/minecraft/server/MinecraftServer$4	lk
net/minecraft/tileentity/TileEntityDaylightDetector	apa
net/minecraft/block/BlockFire	alb
net/minecraft/item/ItemStack	add
net/minecraft/world/World$1	ahc
net/minecraft/client/network/LanServerDetector$ThreadLanServerFind	btc
net/minecraft/client/renderer/tileentity/RenderWitherSkull	bpd
net/minecraft/client/model/ModelBook	bhf
net/minecraft/client/particle/EntityFishWakeFX	ble
net/minecraft/nbt/NBTException	ea
net/minecraft/command/ICommandManager	ab
net/minecraft/item/ItemSeeds	adw
net/minecraft/world/biome/BiomeGenBase$Height	ahv
net/minecraft/client/audio/SoundEventAccessor	btv
net/minecraft/client/renderer/texture/Stitcher$Holder	bpw
net/minecraft/client/gui/GuiShareToLan	bdz
net/minecraft/client/model/ModelSheep2	bhy
net/minecraft/client/renderer/IImageBuffer	blx
net/minecraft/server/management/PlayerManager$PlayerInstance	mr
net/minecraft/network/play/client/C16PacketClientStatus	is
net/minecraft/network/PacketBuffer	et
net/minecraft/command/CommandHelp	au
net/minecraft/item/ItemCloth	aek
net/minecraft/inventory/ContainerHopper	aal
net/minecraft/crash/CrashReportCategory$1	l
net/minecraft/client/renderer/texture/ITickableTextureObject	bqk
net/minecraft/world/gen/structure/StructureNetherBridgePieces$Throne	atr
net/minecraft/tileentity/TileEntityPiston	aps
net/minecraft/world/gen/layer/GenLayerRareBiome	axq
net/minecraft/client/Minecraft	bao
net/minecraft/client/gui/achievement/GuiStats$StatsItem	ben
net/minecraft/client/model/ModelWitch	bim
net/minecraft/client/renderer/tileentity/TileEntitySpecialRenderer	bml
net/minecraft/event/ClickEvent	fh
net/minecraft/command/server/CommandSaveOff	bi
net/minecraft/entity/monster/EntitySpider	yn
net/minecraft/entity/ai/EntityAILookAtTradePlayer	uo
net/minecraft/world/chunk/storage/ChunkLoader$AnvilConverterData	aqg
net/minecraft/block/BlockNewLeaf	amh
net/minecraft/world/biome/BiomeGenHell	aii
net/minecraft/world/gen/structure/ComponentScatteredFeaturePieces$SwampHut	auf
net/minecraft/pathfinding/PathPoint	aye
net/minecraft/client/Minecraft$6	bbc
net/minecraft/client/gui/inventory/GuiBeacon$ConfirmButton	bfb
net/minecraft/client/stream/IngestServerTester	bui
net/minecraft/client/renderer/texture/ITickable	bqj
net/minecraft/entity/player/EntityPlayer$EnumChatVisibility	zb
net/minecraft/entity/ai/EntityAIWander	vc
net/minecraft/world/EnumDifficulty	rd
net/minecraft/network/NetworkSystem$2	ne
net/minecraft/network/play/client/C03PacketPlayer$C06PacketPlayerPosLook	jf
net/minecraft/util/ChatComponentStyle$2	fg
net/minecraft/world/gen/ChunkProviderGenerate	aqz
net/minecraft/world/gen/structure/StructureStrongholdPieces$Stairs	auy
net/minecraft/world/storage/WorldInfo$5	ayx
net/minecraft/realms/RealmsSliderButton	net/minecraft/realms/RealmsSliderButton
net/minecraft/inventory/ContainerRepair	zu
net/minecraft/pathfinding/PathNavigate	vv
net/minecraft/potion/PotionEffect	rw
net/minecraft/server/management/BanList	nx
net/minecraft/network/status/INetHandlerStatusClient	jy
net/minecraft/network/play/server/S0FPacketSpawnMob	fz
net/minecraft/world/gen/feature/WorldGenerator	arn
net/minecraft/block/BlockSoulSand	ano
net/minecraft/item/ItemColored	abr
net/minecraft/enchantment/EnchantmentDamage	afq
net/minecraft/block/BlockBookshelf	ajp
net/minecraft/client/resources/Language	brq
net/minecraft/client/gui/FontRenderer	bbu
net/minecraft/client/gui/inventory/GuiScreenHorseInventory	bft
net/minecraft/client/network/OldServerPinger$2	bjs
net/minecraft/client/renderer/entity/RenderFireball	bnr
net/minecraft/command/IEntitySelector$1	sk
net/minecraft/server/management/UserListEntry	ol
net/minecraft/init/Bootstrap$1	km
net/minecraft/network/play/server/S2DPacketOpenWindow	gn
net/minecraft/util/RegistryDefaulted	co
net/minecraft/creativetab/CreativeTabs$9	acf
net/minecraft/enchantment/EnchantmentFishingSpeed	age
net/minecraft/client/resources/data/LanguageMetadataSection	bse
net/minecraft/world/gen/feature/WorldGenDoublePlant	arm
net/minecraft/world/gen/structure/StructureComponent$BlockSelector	avl
net/minecraft/client/gui/GuiListExtended$IGuiListEntry	bci
net/minecraft/client/resources/ResourcePackListEntryDefault	bgh
net/minecraft/client/particle/EntityFootStepFX	bkg
net/minecraft/client/renderer/entity/RenderLeashKnot	bof
net/minecraft/server/MinecraftServer	net/minecraft/server/MinecraftServer
net/minecraft/network/play/server/S2APacketParticles	hb
net/minecraft/entity/passive/EntityHorse	wi
net/minecraft/command/IEntitySelector	sj
net/minecraft/world/gen/feature/WorldGenMegaPineTree	asa
net/minecraft/block/BlockTNT	aob
net/minecraft/block/BlockRedstoneComparator	akc
net/minecraft/enchantment/EnchantmentFireAspect	agd
net/minecraft/client/resources/data/FontMetadataSectionSerializer	bsd
net/minecraft/network/play/server/S28PacketEffect	ha
net/minecraft/world/gen/FlatLayerInfo	ast
net/minecraft/tileentity/TileEntity$3	aou
net/minecraft/block/BlockEnderChest	akv
net/minecraft/item/ItemFood	acx
net/minecraft/world/Explosion	agw
net/minecraft/block/material/MaterialLiquid	aws
net/minecraft/server/integrated/IntegratedPlayerList	bsw
net/minecraft/client/renderer/entity/RenderTntMinecart	box
net/minecraft/client/particle/EntitySplashFX	bky
net/minecraft/entity/item/EntityMinecartContainer	xp
net/minecraft/entity/ai/attributes/ServersideAttributeMap	tq
net/minecraft/util/JsonSerializableSet	pr
net/minecraft/server/dedicated/DedicatedPlayerList	ls
net/minecraft/network/play/server/S19PacketEntityHeadLook	ht
net/minecraft/nbt/CompressedStreamTools	du
net/minecraft/tileentity/TileEntityHopper	api
net/minecraft/block/BlockSlab	alj
net/minecraft/item/ItemMultiTexture	adl
net/minecraft/world/WorldSettings$GameType	ahk
net/minecraft/client/audio/SoundManager$1	btk
net/minecraft/client/shader/ShaderLoader	bpl
net/minecraft/client/gui/GuiMemoryErrorScreen	bdo
net/minecraft/client/model/ModelLargeChest	bhn
net/minecraft/client/renderer/RenderBlocks	blm
net/minecraft/util/EnumTypeAdapterFactory	qf
net/minecraft/server/gui/StatsComponent$1	mg
net/minecraft/network/play/server/S03PacketTimeUpdate	ih
net/minecraft/network/NettyEncryptingEncoder	ei
net/minecraft/command/server/CommandDeOp	aj
net/minecraft/inventory/ContainerBrewingStand$Ingredient	aaa
net/minecraft/util/EnumChatFormatting	a
net/minecraft/world/gen/structure/StructureNetherBridgePieces$Crossing3	atg
net/minecraft/world/gen/layer/GenLayerBiome	axf
net/minecraft/scoreboard/ScoreboardSaveData	bad
net/minecraft/client/gui/GuiScreenOptionsSounds	bec
net/minecraft/client/model/ModelSkeletonHead	bib
net/minecraft/client/renderer/RenderGlobal	bma
net/minecraft/entity/monster/IMob$1	yc
net/minecraft/entity/ai/EntityAIEatGrass	ud
net/minecraft/util/LongHashMap$Entry	qe
net/minecraft/util/ChatAllowedCharacters	t
net/minecraft/world/gen/structure/ComponentScatteredFeaturePieces	atz
net/minecraft/client/Minecraft$16	baw
net/minecraft/client/gui/GuiKeyBindingList$KeyEntry	bev
net/minecraft/entity/passive/EntityVillager	yv
net/minecraft/entity/ai/EntityAIOcelotSit	uw
net/minecraft/util/WeightedRandomChestContent	qx
net/minecraft/entity/EntityTrackerEntry	my
net/minecraft/network/play/client/C17PacketCustomPayload	iz
net/minecraft/world/WorldProvider	aqo
net/minecraft/block/BlockPortal	amp
net/minecraft/inventory/InventoryMerchant	aas
net/minecraft/world/gen/structure/StructureStrongholdPieces$Corridor	aun
net/minecraft/world/chunk/storage/AnvilSaveHandler	aym
net/minecraft/client/stream/TwitchStream$1$1	buq
net/minecraft/client/resources/FileResourcePack	bqr
net/minecraft/client/renderer/tileentity/TileEntitySkullRenderer	bms
net/minecraft/entity/projectile/EntitySnowball	zj
net/minecraft/entity/ai/EntityAITempt	vk
net/minecraft/inventory/ISidedInventory	rl
net/minecraft/server/network/NetHandlerHandshakeTCP$SwitchEnumConnectionState	nm
net/minecraft/network/play/client/C12PacketUpdateSign	jn
net/minecraft/util/ChatStyle$1	fo
net/minecraft/command/CommandSetSpawnpoint	bp
net/minecraft/realms/RealmsServerAddress	net/minecraft/realms/RealmsServerAddress
net/minecraft/world/gen/feature/WorldGenAbstractTree	arc
net/minecraft/block/BlockRedstoneTorch$Toggle	and
net/minecraft/item/ItemBed	abg
net/minecraft/item/crafting/CraftingManager$1	aff
net/minecraft/block/BlockRailBase	aje
net/minecraft/client/resources/ResourcePackRepository$Entry	brf
net/minecraft/client/settings/GameSettings	bbj
net/minecraft/client/gui/inventory/GuiChest	bfi
net/minecraft/client/multiplayer/WorldClient$2	bjh
net/minecraft/client/renderer/entity/RenderChicken	bng
net/minecraft/server/management/PreYggdrasilConverter$1	oa
net/minecraft/network/ServerStatusResponse	kb
net/minecraft/network/play/server/S0BPacketAnimation	gc
net/minecraft/command/CommandException	cd
net/minecraft/creativetab/CreativeTabs$3	abz
net/minecraft/enchantment/EnchantmentHelper$HurtIterator	afy
net/minecraft/client/resources/data/IMetadataSerializer$Registration	bry
net/minecraft/world/gen/structure/StructureStrongholdPieces$Straight	ava
net/minecraft/client/renderer/entity/RenderItem$1	bnz
net/minecraft/network/play/server/S2BPacketChangeGameState	gv
net/minecraft/util/RegistryNamespaced	cw
net/minecraft/realms/RealmsScrolledSelectionList	net/minecraft/realms/RealmsScrolledSelectionList
net/minecraft/world/gen/feature/WorldGenBigMushroom	aru
net/minecraft/block/BlockStone	anv
net/minecraft/enchantment/EnchantmentHelper$DamageIterator	afx
net/minecraft/block/BlockCauldron	ajw
net/minecraft/world/gen/structure/StructureVillagePieces$Torch	avt
net/minecraft/world/storage/IThreadedFileIO	azs
net/minecraft/client/gui/GuiScreenRealmsProxy	bcq
net/minecraft/client/gui/stream/GuiStreamUnavailable	bgp
net/minecraft/client/resources/data/IMetadataSerializer$1	brx
net/minecraft/entity/passive/EntitySheep$1	wq
net/minecraft/entity/EntityFlying	sr
net/minecraft/server/management/UserListWhitelistEntry	os
net/minecraft/init/Bootstrap$3	kt
net/minecraft/network/play/server/S27PacketExplosion	gu
net/minecraft/world/gen/feature/WorldGenCanopyTree	asi
net/minecraft/block/BlockLilyPad	aoj
net/minecraft/block/BlockDirectional	akk
net/minecraft/item/ItemEnchantedBook	acm
net/minecraft/enchantment/EnchantmentWaterWorker	agl
net/minecraft/client/audio/MovingSound	bsl
net/minecraft/client/renderer/entity/RenderOcelot	bom
net/minecraft/client/gui/stream/GuiStreamOptions	bgo
net/minecraft/client/particle/EffectRenderer	bkn
net/minecraft/realms/RealmsScreen	net/minecraft/realms/RealmsScreen
net/minecraft/entity/projectile/EntityFishHook	xe
net/minecraft/entity/DataWatcher$WatchableObject	tf
net/minecraft/stats/StatisticsFile	pg
net/minecraft/server/MinecraftServer$1	lh
net/minecraft/network/play/server/S14PacketEntity$S16PacketEntityLook	hi
net/minecraft/nbt/NBTTagCompound$2	dj
net/minecraft/item/ItemHoe	ada
net/minecraft/client/renderer/entity/RenderVillager	bpa
net/minecraft/client/gui/GuiScreenDemo	bdd
net/minecraft/client/model/ModelBat	bhc
net/minecraft/client/particle/EntityPickupFX	blb
net/minecraft/util/IntHashMap	pz
net/minecraft/item/ItemSaddle	adt
net/minecraft/world/NextTickListEntry	ahs
net/minecraft/client/audio/SoundHandler$SwitchType	bts
net/minecraft/client/renderer/texture/LayeredTexture	bpt
net/minecraft/world/gen/layer/GenLayerEdge$SwitchMode	awz
net/minecraft/client/gui/GuiScreen	bdw
net/minecraft/client/model/TexturedQuad	bhv
net/minecraft/client/renderer/EntityRenderer$1	blu
net/minecraft/network/play/client/C0APacketAnimation	ip
net/minecraft/network/EnumConnectionState$4	eq
net/minecraft/command/CommandGameMode	ar
net/minecraft/entity/item/EntityTNTPrimed	xw
net/minecraft/entity/ai/EntityAIAvoidEntity$1	tx
net/minecraft/crash/CrashReport$7	i
net/minecraft/world/gen/structure/StructureNetherBridgePieces$Corridor5	ato
net/minecraft/block/BlockPistonBase	app
net/minecraft/block/BlockJukebox	alq
net/minecraft/world/ChunkCache	ahr
net/minecraft/world/gen/layer/GenLayer	axn
net/minecraft/client/settings/KeyBinding	bal
net/minecraft/client/gui/achievement/GuiStats$StatsBlock	bek
net/minecraft/client/model/ModelIronGolem	bij
net/minecraft/client/audio/SoundHandler$2	btr
net/minecraft/entity/monster/EntitySilverfish	yk
net/minecraft/entity/ai/EntityAIWatchClosest2	ul
net/minecraft/util/MouseFilter	qm
net/minecraft/entity/EntityTracker	mn
net/minecraft/network/play/INetHandlerPlayServer	io
net/minecraft/item/ItemSlab	aeg
net/minecraft/inventory/ContainerEnchantment$1	aah
net/minecraft/world/biome/BiomeGenForest	aif
net/minecraft/world/gen/structure/ComponentScatteredFeaturePieces$JunglePyramid	auc
net/minecraft/world/gen/layer/GenLayerVoronoiZoom	ayb
net/minecraft/client/stream/ChatController$SwitchChatState	buf
net/minecraft/client/renderer/texture/TextureManager$1	bqg
net/minecraft/client/model/PositionTextureVertex	bii
net/minecraft/client/renderer/Tessellator	bmh
net/minecraft/inventory/InventoryLargeChest	ra
net/minecraft/client/network/NetHandlerHandshakeMemory$SwitchEnumConnectionState	nb
net/minecraft/network/play/client/C00PacketKeepAlive	jc
net/minecraft/util/MessageSerializer2	fd
net/minecraft/command/server/CommandPardonPlayer	be
net/minecraft/world/gen/MapGenCaves	aqw
net/minecraft/block/BlockQuartz	amx
net/minecraft/item/crafting/RecipesFood	aez
net/minecraft/world/biome/BiomeEndDecorator	aiy
net/minecraft/client/resources/IResourceManagerReloadListener	bqz
net/minecraft/potion/PotionHealthBoost	rt
net/minecraft/server/management/PlayerProfileCache$2	nu
net/minecraft/network/login/INetHandlerLoginServer	jv
net/minecraft/network/play/server/S0EPacketSpawnObject	fw
net/minecraft/command/server/CommandTestForBlock	bx
net/minecraft/item/ItemBucket	abo
net/minecraft/enchantment/EnchantmentArrowFire	afn
net/minecraft/client/resources/SkinManager$3$1	brn
net/minecraft/world/gen/ChunkProviderHell	aqv
net/minecraft/world/gen/structure/StructureStrongholdPieces$RightTurn	auu
net/minecraft/world/storage/WorldInfo$1	ayt
net/minecraft/util/Timer	bbr
net/minecraft/client/gui/GuiEnchantment	bfq
net/minecraft/client/multiplayer/ServerList	bjp
net/minecraft/client/renderer/entity/Render	bno
net/minecraft/realms/RealmsLevelSummary	net/minecraft/realms/RealmsLevelSummary
net/minecraft/network/play/server/S22PacketMultiBlockChange	gk
net/minecraft/block/BlockSourceImpl	cl
net/minecraft/entity/ai/EntityAITargetNonTamed	vr
net/minecraft/potion/PotionAttackDamage	rs
net/minecraft/world/gen/feature/WorldGenClay	arj
net/minecraft/block/BlockSign	ank
net/minecraft/block/Block$3	ajl
net/minecraft/world/gen/structure/MapGenStructureIO	avi
net/minecraft/client/gui/GuiButtonLanguage	bcf
net/minecraft/client/gui/ServerSelectionList	bge
net/minecraft/entity/passive/EntityAnimal	wf
net/minecraft/entity/EntityList	sg
net/minecraft/server/management/PreYggdrasilConverter$ConversionError	oh
net/minecraft/network/status/client/C01PacketPing	ki
net/minecraft/network/play/server/S02PacketChat	gj
net/minecraft/creativetab/CreativeTabs$5	acb
net/minecraft/enchantment/EnchantmentHelper$ModifierLiving	aga
net/minecraft/client/resources/data/AnimationMetadataSection	bsa
net/minecraft/client/particle/EntityFireworkOverlayFX	bkc
net/minecraft/client/renderer/entity/RenderItem$3	bob
net/minecraft/entity/boss/EntityDragonPart	wy
net/minecraft/entity/EnumCreatureAttribute	sz
net/minecraft/world/gen/feature/WorldGenTrees	asq
net/minecraft/tileentity/TileEntity	aor
net/minecraft/block/BlockEnchantmentTable	aks
net/minecraft/item/ItemFishFood$FishType	acu
net/minecraft/world/ChunkPosition	agt
net/minecraft/client/audio/ISound	bst
net/minecraft/client/renderer/entity/RenderSnowMan	bou
net/minecraft/client/multiplayer/GuiConnecting	bcx
net/minecraft/client/main/Main$3	bgw
net/minecraft/client/particle/EntitySmokeFX	bkv
net/minecraft/entity/ai/attributes/ModifiableAttributeInstance	tn
net/minecraft/util/IJsonSerializable	po
net/minecraft/scoreboard/ServerScoreboard	lp
net/minecraft/network/play/server/S13PacketDestroyEntities	hq
net/minecraft/nbt/NBTTagLong	dr
net/minecraft/item/ItemBucketMilk	adi
net/minecraft/world/IWorldAccess	ahh
net/minecraft/client/audio/MusicTicker$MusicType	bth
net/minecraft/client/shader/ShaderManager	bpi
net/minecraft/world/gen/feature/WorldGenTallGrass	asp
net/minecraft/world/gen/NoiseGeneratorSimplex	awo
net/minecraft/client/model/ModelEnderman	bhk
net/minecraft/util/MovementInputFromOptions	blj
net/minecraft/network/play/server/S3CPacketUpdateScore	ie
net/minecraft/nbt/JsonToNBT$Primitive	ef
net/minecraft/command/server/CommandBanPlayer	ag
net/minecraft/entity/item/EntityMinecart	xl
net/minecraft/world/gen/structure/MapGenNetherBridge	atd
net/minecraft/tileentity/TileEntityEnderChest	ape
net/minecraft/block/BlockGlass	alf
net/minecraft/world/MinecraftException	ahg
net/minecraft/world/gen/layer/GenLayerAddMushroomIsland	axc
net/minecraft/scoreboard/Score$1	baa
net/minecraft/realms/DisconnectedOnlineScreen	net/minecraft/realms/DisconnectedOnlineScreen
net/minecraft/client/audio/MusicTicker	btg
net/minecraft/entity/ai/EntityAIMate	ua
net/minecraft/server/gui/MinecraftServerGui$4	mc
net/minecraft/network/play/server/S3EPacketTeams	id
net/minecraft/util/Facing	q
net/minecraft/world/gen/structure/StructureNetherBridgePieces$Start	atw
net/minecraft/world/chunk/Chunk	apx
net/minecraft/block/BlockMelon	aly
net/minecraft/world/biome/BiomeCache$Block	ahz
net/minecraft/world/gen/layer/GenLayerRiverMix	axv
net/minecraft/client/stream/Metadata	btz
net/minecraft/entity/monster/EntityZombie$GroupData	ys
net/minecraft/entity/ai/EntityAIMoveTowardsRestriction	ut
net/minecraft/util/Tuple	qu
net/minecraft/world/WorldServer$ServerBlockEventList	mv
net/minecraft/network/play/client/C11PacketEnchantItem	iw
net/minecraft/network/NetworkStatistics$Tracker	ex
net/minecraft/command/server/CommandListPlayers	ay
net/minecraft/world/chunk/storage/AnvilChunkLoader$PendingChunk	aql
net/minecraft/block/BlockOldLog	amm
net/minecraft/inventory/ContainerPlayer	aap
net/minecraft/world/biome/BiomeGenMutated	ain
net/minecraft/util/Direction	p
net/minecraft/client/stream/IStream$AuthFailureReason	bun
net/minecraft/client/resources/ResourceIndex	bqo
net/minecraft/client/Minecraft$12	bas
net/minecraft/client/gui/IProgressMeter	ber
net/minecraft/client/model/ModelDragon	biq
net/minecraft/client/renderer/tileentity/TileEntityMobSpawnerRenderer	bmp
net/minecraft/profiler/PlayerUsageSnooper	ri
net/minecraft/network/NetHandlerPlayServer$2	nj
net/minecraft/network/play/client/C0CPacketInput	jk
net/minecraft/event/HoverEvent	fl
net/minecraft/command/server/CommandSetBlock	bm
net/minecraft/item/ItemArmor$ArmorMaterial	abd
net/minecraft/item/crafting/RecipesMapExtending	afc
net/minecraft/block/BlockAnvil	ajb
net/minecraft/client/resources/ResourcePackRepository	brc
net/minecraft/world/gen/structure/StructureStrongholdPieces$1	auj
net/minecraft/world/storage/MapData	ayi
net/minecraft/util/MouseHelper	bbg
net/minecraft/client/gui/GuiScreenBook$NextPageButton	bff
net/minecraft/client/multiplayer/PlayerControllerMP	bje
net/minecraft/client/renderer/entity/RenderBlaze	bnd
net/minecraft/command/CommandToggleDownfall	ca
net/minecraft/entity/item/EntityFireworkRocket	zf
net/minecraft/entity/ai/EntityAIRunAroundLikeCrazy	vg
net/minecraft/inventory/InventoryBasic	rh
net/minecraft/block/BlockAir	aja
net/minecraft/client/gui/MapItemRenderer$Instance	bbz
net/minecraft/client/gui/inventory/GuiDispenser	bfy
net/minecraft/client/particle/EntityCritFX	bjx
net/minecraft/inventory/ContainerBeacon$BeaconSlot	zy
net/minecraft/village/Village	vz
net/minecraft/world/gen/feature/WorldGenGlowStone2	arr
net/minecraft/block/BlockStairs	ans
net/minecraft/creativetab/CreativeTabs$10	abv
net/minecraft/enchantment/EnumEnchantmentType	afu
net/minecraft/block/BlockCactus	ajt
net/minecraft/world/gen/structure/StructureVillagePieces$House1	avq
net/minecraft/world/storage/IPlayerFileData	azp
net/minecraft/client/resources/data/IMetadataSection	bru
net/minecraft/client/particle/EntityCrit2FX	bjw
net/minecraft/client/renderer/entity/RenderHorse	bnv
net/minecraft/entity/passive/EntityOcelot	wn
net/minecraft/server/management/UserListBans	op
net/minecraft/init/Bootstrap$13	kq
net/minecraft/network/play/server/S3FPacketCustomPayload	gr
net/minecraft/util/IObjectIntIterable	cs
net/minecraft/world/gen/feature/WorldGenTaiga1	asf
net/minecraft/block/BlockTripWireHook	aog
net/minecraft/block/BlockDeadBush	akh
net/minecraft/item/ItemDye	acj
net/minecraft/enchantment/EnchantmentProtection	agi
net/minecraft/client/resources/data/TextureMetadataSection	bsi
net/minecraft/client/gui/GuiSlot	bcm
net/minecraft/client/gui/GuiResourcePackSelected	bgl
net/minecraft/client/particle/EntityLavaFX	bkk
net/minecraft/client/renderer/entity/RenderMinecartMobSpawner	boj
net/minecraft/entity/item/EntityPainting$EnumArt	tc
net/minecraft/stats/IStatStringFormat	pd
net/minecraft/command/ServerCommand	le
net/minecraft/network/play/server/S14PacketEntity	hf
net/minecraft/nbt/NBTTagByte	dg
net/minecraft/world/gen/feature/WorldGenMinable	ase
net/minecraft/world/gen/structure/StructureVillagePieces$Village	awd
net/minecraft/client/gui/GuiCreateFlatWorld$Details	bda
net/minecraft/network/play/server/S12PacketEntityVelocity	hy
net/minecraft/nbt/NBTBase$NBTPrimitive	dz
net/minecraft/entity/boss/EntityDragon	xa
net/minecraft/entity/item/EntityPainting	tb
net/minecraft/world/gen/structure/StructureMineshaftPieces	asx
net/minecraft/tileentity/TileEntityCommandBlock$1	aoy
net/minecraft/block/BlockFence	akz
net/minecraft/block/material/MaterialPortal	aww
net/minecraft/client/gui/GuiScreenWorking	bdt
net/minecraft/client/model/ModelHorse	bhs
net/minecraft/entity/ai/EntityMinecartMobSpawner	xt
net/minecraft/entity/ai/EntityLookHelper	tu
net/minecraft/util/HttpUtil	pv
net/minecraft/server/dedicated/DedicatedServer$3	lw
net/minecraft/network/play/server/S1BPacketEntityAttach	hx
net/minecraft/crash/CrashReport$4	f
net/minecraft/world/gen/structure/StructureNetherBridgePieces$Entrance	atl
net/minecraft/tileentity/TileEntitySign	apm
net/minecraft/block/BlockHopper	aln
net/minecraft/item/ItemPotion	adp
net/minecraft/world/SpawnerAnimals	aho
net/minecraft/stats/ObjectiveStat	bai
net/minecraft/client/audio/SoundEventAccessorComposite	bto
net/minecraft/client/renderer/texture/AbstractTexture	bpp
net/minecraft/client/renderer/EntitySorter	blq
net/minecraft/entity/monster/EntityPigZombie	yh
net/minecraft/entity/ai/EntityAIBase	ui
net/minecraft/profiler/Profiler$Result	qj
net/minecraft/realms/RealmsServerStatusPinger	net/minecraft/realms/RealmsServerStatusPinger
net/minecraft/world/demo/DemoWorldServer	mk
net/minecraft/network/play/server/S20PacketEntityProperties	il
net/minecraft/network/NetworkManager$3	em
net/minecraft/command/server/CommandEmote	an
net/minecraft/world/chunk/storage/NibbleArrayReader	aqa
net/minecraft/block/BlockSilverfish	amb
net/minecraft/item/ItemSnowball	aed
net/minecraft/inventory/InventoryCrafting	aae
net/minecraft/world/biome/BiomeGenDesert	aic
net/minecraft/crash/CrashReport$3	e
net/minecraft/client/stream/BroadcastController$BroadcastState	buc
net/minecraft/client/renderer/texture/TextureAtlasSprite	bqd
net/minecraft/scoreboard/IScoreObjectiveCriteria	bah
net/minecraft/client/gui/GuiWinGame	beg
net/minecraft/client/model/ModelSnowMan	bif
net/minecraft/client/util/QuadComparator	bme
net/minecraft/util/MessageSerializer	fa
net/minecraft/command/server/CommandNetstat	bb
net/minecraft/item/crafting/RecipeBookCloning	aew
net/minecraft/inventory/SlotCrafting	aax
net/minecraft/world/biome/BiomeGenSwamp	aiv
net/minecraft/command/IAdminCommand	x
net/minecraft/client/resources/IResource	bqw
net/minecraft/client/gui/inventory/GuiBeacon	bez
net/minecraft/client/model/TextureOffset	biy
net/minecraft/client/renderer/culling/Frustrum	bmx
net/minecraft/network/login/server/S02PacketLoginSuccess	js
net/minecraft/network/Packet	ft
net/minecraft/command/server/CommandSummon	bu
net/minecraft/entity/player/EntityPlayer	yz
net/minecraft/world/gen/MapGenRavine	aqs
net/minecraft/block/BlockRailPowered	amt
net/minecraft/world/biome/BiomeGenStoneBeach	aiu
net/minecraft/world/gen/structure/StructureStrongholdPieces$PieceWeight	aur
net/minecraft/world/storage/SaveHandler	ayq
net/minecraft/client/LoadingScreenRenderer	bbo
net/minecraft/client/gui/inventory/GuiContainerCreative$CreativeSlot	bfn
net/minecraft/client/multiplayer/ServerAddress	bjm
net/minecraft/client/renderer/OpenGlHelper	buu
net/minecraft/entity/item/EntityExpBottle	zn
net/minecraft/entity/ai/EntityAINearestAttackableTarget	vo
net/minecraft/util/EntityDamageSource	rp
net/minecraft/server/network/NetHandlerStatusServer	nq
net/minecraft/network/login/INetHandlerLoginClient	jr
net/minecraft/world/gen/feature/WorldGeneratorBonusChest	arg
net/minecraft/block/BlockSand	anh
net/minecraft/item/ItemBook	abk
net/minecraft/item/crafting/RecipesCrafting	afj
net/minecraft/block/Block	aji
net/minecraft/world/gen/structure/MapGenStructure$1	avf
net/minecraft/world/storage/ISaveFormat	aze
net/minecraft/client/resources/SkinManager	brj
net/minecraft/client/gui/GuiPlayerInfo	bjl
net/minecraft/client/renderer/tileentity/RenderEnderCrystal	bnk
net/minecraft/village/VillageCollection	wc
net/minecraft/entity/Entity$SwitchEnumEntitySize	sd
net/minecraft/server/management/PreYggdrasilConverter$5	oe
net/minecraft/network/ServerStatusResponse$MinecraftProtocolVersionIdentifier	kf
net/minecraft/network/play/server/S24PacketBlockAction	gg
net/minecraft/command/CommandNotFoundException	ch
net/minecraft/world/gen/feature/WorldGenMegaJungle	arz
net/minecraft/client/gui/GuiButton	bcb
net/minecraft/client/gui/ServerListEntryLanScan	bga
net/minecraft/entity/EntityLiving	sw
net/minecraft/network/rcon/RConThreadQuery	ox
net/minecraft/init/Bootstrap$7	ky
net/minecraft/network/play/server/S26PacketMapChunkBulk	gz
net/minecraft/block/BlockDragonEgg	akp
net/minecraft/item/ItemFireworkCharge	acr
net/minecraft/tileentity/MobSpawnerBaseLogic	agq
net/minecraft/client/audio/SoundList$SoundEntry	bsq
net/minecraft/client/renderer/entity/RenderSilverfish	bor
net/minecraft/world/gen/structure/StructureVillagePieces$WoodHut	avx
net/minecraft/util/Vec3	azw
net/minecraft/client/gui/GuiConfirmOpenLink	bcu
net/minecraft/client/main/Main$1	bgt
net/minecraft/client/particle/EntityCloudFX	bks
net/minecraft/entity/passive/EntityWaterMob	wu
net/minecraft/entity/EntityLivingBase	sv
net/minecraft/world/gen/feature/WorldGenLiquids	asm
net/minecraft/block/BlockButtonWood	aon
net/minecraft/block/BlockDoublePlant	ako
net/minecraft/world/gen/NoiseGeneratorPerlin	awl
net/minecraft/client/gui/GuiSleepMP	bdi
net/minecraft/client/model/ModelChicken	bhh
net/minecraft/client/entity/AbstractClientPlayer	blg
net/minecraft/entity/item/EntityBoat	xi
net/minecraft/entity/ai/attributes/AttributeModifier	tj
net/minecraft/stats/StatBase$3	pk
net/minecraft/server/MinecraftServer$5	ll
net/minecraft/world/gen/structure/StructureMineshaftPieces$Room	ata
net/minecraft/tileentity/TileEntityDispenser	apb
net/minecraft/block/BlockFlower	alc
net/minecraft/init/Items	ade
net/minecraft/world/World$2	ahd
net/minecraft/client/network/LanServerDetector$LanServerList	btd
net/minecraft/client/renderer/entity/RenderWolf	bpe
net/minecraft/client/particle/EntityRainFX	blf
net/minecraft/network/play/server/S1FPacketSetExperience	ia
net/minecraft/nbt/JsonToNBT	eb
net/minecraft/command/ICommandSender	ac
net/minecraft/world/gen/structure/StructureNetherBridgePieces$PieceWeight	att
net/minecraft/world/chunk/IChunkProvider	apu
net/minecraft/block/BlockLever	alv
net/minecraft/item/ItemShears	adx
net/minecraft/world/biome/BiomeGenBase$TempCategory	ahw
net/minecraft/client/stream/MetadataAchievement	btw
net/minecraft/client/renderer/texture/Stitcher$Slot	bpx
net/minecraft/client/model/ModelSign	bhz
net/minecraft/client/renderer/ItemRenderer	bly
net/minecraft/entity/ai/EntityAIAttackOnCollide	uq
net/minecraft/world/gen/ChunkProviderServer	ms
net/minecraft/network/play/client/C16PacketClientStatus$EnumState	it
net/minecraft/network/NetworkStatistics	eu
net/minecraft/command/CommandServerKick	av
net/minecraft/item/ItemWritableBook	ael
net/minecraft/inventory/ContainerHorseInventory	aam
net/minecraft/world/biome/BiomeGenJungle	aik
net/minecraft/crash/CrashReportCategory$2	m
net/minecraft/client/stream/IngestServerTester$IngestTestListener	buk
net/minecraft/client/renderer/texture/TextureClock	bql
net/minecraft/world/gen/structure/StructureNetherBridgePieces$Piece	ats
net/minecraft/world/gen/layer/GenLayerHills	axr
net/minecraft/client/Minecraft$1	bap
net/minecraft/client/gui/achievement/GuiStats$StatsItem$1	beo
net/minecraft/client/model/ModelWither	bin
net/minecraft/client/renderer/tileentity/TileEntityChestRenderer	bmm
net/minecraft/network/play/client/C13PacketPlayerAbilities	jh
net/minecraft/event/ClickEvent$Action	fi
net/minecraft/command/server/CommandSaveOn	bj
net/minecraft/entity/monster/EntitySpider$GroupData	yo
net/minecraft/entity/ai/EntityAIVillagerMate	up
net/minecraft/world/chunk/storage/RegionFile	aqh
net/minecraft/block/BlockNewLog	ami
net/minecraft/world/biome/BiomeGenSnow	aij
net/minecraft/world/gen/structure/MapGenStronghold	aug
net/minecraft/pathfinding/PathEntity	ayf
net/minecraft/client/Minecraft$7	bbd
net/minecraft/client/gui/inventory/GuiBeacon$PowerButton	bfc
net/minecraft/client/network/NetHandlerPlayClient	bjb
net/minecraft/client/stream/IngestServerTester$SwitchStatType	buj
net/minecraft/entity/projectile/EntityArrow	zc
net/minecraft/entity/ai/EntityAIArrowAttack	vd
net/minecraft/client/renderer/IconFlipped	re
net/minecraft/network/NetworkSystem$3	nf
net/minecraft/network/play/client/C03PacketPlayer$C05PacketPlayerLook	jg
net/minecraft/world/gen/structure/StructureStrongholdPieces$Stairs2	auz
net/minecraft/world/storage/WorldInfo$6	ayy
net/minecraft/client/network/NetHandlerLoginClient$1	bja
net/minecraft/realms/RealmsSharedConstants	net/minecraft/realms/RealmsSharedConstants
net/minecraft/inventory/ContainerRepair$1	zv
net/minecraft/entity/ai/EntitySenses	vw
net/minecraft/entity/EntityAgeable	rx
net/minecraft/server/management/IPBanEntry	ny
net/minecraft/network/status/server/S01PacketPong	jz
net/minecraft/world/gen/feature/WorldGenFlowers	aro
net/minecraft/block/BlockSponge	anp
net/minecraft/item/ItemMapBase	abs
net/minecraft/enchantment/EnchantmentDurability	afr
net/minecraft/block/BlockBrewingStand	ajq
net/minecraft/world/gen/structure/MapGenVillage	avn
net/minecraft/client/resources/LanguageManager	brr
net/minecraft/client/gui/GuiIngame	bbv
net/minecraft/client/gui/inventory/GuiInventory	bfu
net/minecraft/client/network/OldServerPinger$2$1	bjt
net/minecraft/client/renderer/entity/RenderFish	bns
net/minecraft/command/IEntitySelector$2	sl
net/minecraft/server/management/UserList	om
net/minecraft/init/Bootstrap$10	kn
net/minecraft/network/play/server/S30PacketWindowItems	go
net/minecraft/dispenser/IBehaviorDispenseItem	cp
net/minecraft/block/BlockWorkbench	ake
net/minecraft/item/ItemTool	acg
net/minecraft/enchantment/EnchantmentKnockback	agf
net/minecraft/client/resources/data/LanguageMetadataSectionSerializer	bsf
net/minecraft/world/gen/structure/StructureStart	avm
net/minecraft/client/gui/GuiOptionButton	bcj
net/minecraft/client/resources/ResourcePackListEntryFound	bgi
net/minecraft/client/particle/EntityHeartFX	bkh
net/minecraft/client/renderer/entity/RenderLightningBolt	bog
net/minecraft/client/util/JsonException	lb
net/minecraft/network/play/server/S29PacketSoundEffect	hc
net/minecraft/util/StatCollector	dd
net/minecraft/entity/passive/EntityHorse$1	wj
net/minecraft/world/gen/feature/WorldGenHugeTrees	asb
net/minecraft/block/BlockTorch	aoc
net/minecraft/world/gen/structure/StructureVillagePieces$Start	awa
net/minecraft/init/Bootstrap$9	la
net/minecraft/tileentity/TileEntityBrewingStand	aov
net/minecraft/block/ITileEntityProvider	akw
net/minecraft/item/ItemAppleGold	acy
net/minecraft/world/ColorizerFoliage	agx
net/minecraft/block/material/Material	awt
net/minecraft/server/integrated/IntegratedServer	bsx
net/minecraft/client/renderer/entity/RenderTNTPrimed	boy
net/minecraft/client/particle/EntitySuspendFX	bkz
net/minecraft/entity/item/EntityMinecartFurnace	xq
net/minecraft/entity/EntityBodyHelper	tr
net/minecraft/server/dedicated/DedicatedServer	lt
net/minecraft/network/play/server/S09PacketHeldItemChange	hu
net/minecraft/nbt/NBTUtil	dv
net/minecraft/world/gen/structure/StructureNetherBridgePieces$Straight	ati
net/minecraft/tileentity/TileEntityMobSpawner	apj
net/minecraft/block/BlockBreakable	alk
net/minecraft/item/ItemNameTag	adm
net/minecraft/world/IBlockAccess	ahl
net/minecraft/client/audio/SoundManager$2	btl
net/minecraft/client/shader/ShaderLoader$ShaderType	bpm
net/minecraft/client/gui/GuiIngameMenu	bdp
net/minecraft/client/model/ModelMagmaCube	bho
net/minecraft/entity/boss/BossStatus	bln
net/minecraft/entity/ai/EntityAISwimming	uf
net/minecraft/util/EnumTypeAdapterFactory$1	qg
net/minecraft/network/play/server/S33PacketUpdateSign	ii
net/minecraft/network/NetworkManager	ej
net/minecraft/command/CommandDebug	ak
net/minecraft/item/ItemSimpleFoiled	aea
net/minecraft/inventory/ContainerBrewingStand$Potion	aab
net/minecraft/crash/CrashReport	b
net/minecraft/client/renderer/texture/TextureMap$1	bqa
net/minecraft/world/gen/structure/StructureNetherBridgePieces$End	ath
net/minecraft/scoreboard/Team	bae
net/minecraft/client/gui/GuiScreenOptionsSounds$Button	bed
net/minecraft/client/model/ModelSkeleton	bic
net/minecraft/client/renderer/RenderGlobal$1	bmb
net/minecraft/entity/monster/EntityGhast	yd
net/minecraft/entity/ai/EntityAIFleeSun	ue
net/minecraft/inventory/SlotMerchantResult	aau
net/minecraft/util/Util	u
net/minecraft/client/Minecraft$SwitchMovingObjectType	bax
net/minecraft/client/gui/GuiControls	bew
net/minecraft/entity/player/PlayerCapabilities	yw
net/minecraft/entity/ai/EntityAILookAtVillager	ux
net/minecraft/network/PingResponseHandler	mz
net/minecraft/world/WorldProviderHell	aqp
net/minecraft/block/BlockPortal$Size	amq
net/minecraft/inventory/ContainerMerchant	aat
net/minecraft/world/biome/BiomeGenRiver	air
net/minecraft/world/gen/structure/StructureStrongholdPieces$Crossing	auo
net/minecraft/world/chunk/storage/AnvilSaveConverter	ayn
net/minecraft/client/settings/GameSettings$SwitchOptions	bbl
net/minecraft/client/stream/NullStream	bur
net/minecraft/client/resources/FolderResourcePack	bqs
net/minecraft/client/renderer/tileentity/RenderEndPortal	bmt
net/minecraft/entity/projectile/EntityThrowable	zk
net/minecraft/entity/ai/EntityAITradePlayer	vl
net/minecraft/util/CombatEntry	rm
net/minecraft/server/network/NetHandlerLoginServer	nn
net/minecraft/network/play/client/C08PacketPlayerBlockPlacement	jo
net/minecraft/util/ChatStyle$Serializer	fp
net/minecraft/command/CommandShowSeed	bq
net/minecraft/world/gen/feature/WorldGenBigTree	ard
net/minecraft/block/BlockReed	ane
net/minecraft/item/ItemBlock	abh
net/minecraft/item/crafting/IRecipe	afg
net/minecraft/block/BlockRailBase$Rail	ajf
net/minecraft/world/gen/structure/StructureStrongholdPieces$Stronghold	avc
net/minecraft/client/resources/SimpleReloadableResourceManager	brg
net/minecraft/client/settings/GameSettings$1	bbk
net/minecraft/client/gui/inventory/GuiCrafting	bfj
net/minecraft/client/multiplayer/WorldClient$3	bji
net/minecraft/client/renderer/entity/RenderCow	bnh
net/minecraft/entity/Entity	sa
net/minecraft/server/management/PreYggdrasilConverter$2	ob
net/minecraft/network/ServerStatusResponse$PlayerCountData	kc
net/minecraft/network/play/server/S37PacketStatistics	gd
net/minecraft/command/NumberInvalidException	ce
net/minecraft/realms/Realms	net/minecraft/realms/Realms
net/minecraft/block/BlockClay	ajy
net/minecraft/enchantment/EnchantmentHelper$IModifier	afz
net/minecraft/client/resources/data/AnimationFrame	brz
net/minecraft/world/gen/structure/StructureStrongholdPieces$StairsStraight	avb
net/minecraft/world/storage/WorldInfo$8	aza
net/minecraft/init/Bootstrap$5	kv
net/minecraft/network/play/server/S00PacketKeepAlive	gw
net/minecraft/dispenser/IPosition	cx
net/minecraft/world/gen/feature/WorldGenIcePath	arv
net/minecraft/block/BlockStoneBrick	anw
net/minecraft/block/BlockChest	ajx
net/minecraft/world/gen/structure/StructureVillagePieces$PieceWeight	avu
net/minecraft/util/AxisAlignedBB	azt
net/minecraft/client/gui/GuiSlotRealmsProxy	bcr
net/minecraft/client/gui/stream/GuiStreamUnavailable$SwitchReason	bgq
net/minecraft/client/particle/EffectRenderer$2	bkp
net/minecraft/entity/monster/EntitySnowman	wr
net/minecraft/entity/EntityHanging	ss
net/minecraft/network/rcon/RConOutputStream	ot
net/minecraft/init/Bootstrap$4	ku
net/minecraft/world/gen/feature/WorldGenSand	asj
net/minecraft/block/BlockWeb	aok
net/minecraft/block/BlockDirt	akl
net/minecraft/item/ItemEnderEye	acn
net/minecraft/entity/IMerchant	agm
net/minecraft/client/audio/MovingSoundMinecart	bsm
net/minecraft/client/renderer/entity/RenderPainting	bon
net/minecraft/client/particle/EffectRenderer$1	bko
net/minecraft/util/WeightedRandomFishable	xf
net/minecraft/entity/passive/EntityTameable	tg
net/minecraft/stats/StatBase	ph
net/minecraft/server/MinecraftServer$2	li
net/minecraft/network/play/server/S36PacketSignEditorOpen	hj
net/minecraft/nbt/NBTTagDouble	dk
net/minecraft/item/Item	adb
net/minecraft/world/ColorizerGrass	aha
net/minecraft/client/network/LanServerDetector	bta
net/minecraft/client/renderer/entity/RenderWitch	bpb
net/minecraft/client/gui/GuiScreenServerList	bde
net/minecraft/client/model/ModelBlaze	bhd
net/minecraft/client/particle/EntityBlockDustFX	blc
net/minecraft/entity/ai/EntityAIBreakDoor	tz
net/minecraft/block/BlockLadder	als
net/minecraft/world/biome/BiomeGenBeach	aht
net/minecraft/client/audio/SoundRegistry	btt
net/minecraft/client/renderer/texture/SimpleTexture	bpu
net/minecraft/client/gui/GuiSelectWorld	bdx
net/minecraft/client/model/ModelQuadruped	bhw
net/minecraft/client/renderer/EntityRenderer$2	blv
net/minecraft/network/play/client/C14PacketTabComplete	iq
net/minecraft/network/EnumConnectionState$3	er
net/minecraft/command/CommandGameRule	as
net/minecraft/entity/monster/EntityBlaze	xx
net/minecraft/entity/ai/EntityAIBeg	ty
net/minecraft/inventory/ContainerFurnace	aaj
net/minecraft/crash/CrashReport$8	j
net/minecraft/world/gen/structure/StructureNetherBridgePieces$Corridor2	atp
net/minecraft/block/BlockPistonExtension	apq
net/minecraft/block/BlockJukebox$TileEntityJukebox	alr
net/minecraft/world/gen/layer/GenLayer$1	axo
net/minecraft/client/renderer/RenderHelper	bam
net/minecraft/client/gui/achievement/GuiStats$StatsBlock$1	bel
net/minecraft/client/model/ModelVillager	bik
net/minecraft/client/renderer/tileentity/TileEntityBeaconRenderer	bmj
net/minecraft/command/server/CommandPublishLocalServer	bg
net/minecraft/entity/monster/EntitySkeleton	yl
net/minecraft/entity/ai/EntityAILeapAtTarget	um
net/minecraft/util/StringUtils	qn
net/minecraft/entity/EntityTracker$1	mo
net/minecraft/block/BlockNetherWart	amf
net/minecraft/item/ItemSword	aeh
net/minecraft/inventory/ContainerEnchantment$2	aai
net/minecraft/world/biome/BiomeGenForest$1	aig
net/minecraft/world/gen/structure/ComponentScatteredFeaturePieces$JunglePyramid$Stones	aud
net/minecraft/world/gen/layer/GenLayerZoom	ayc
net/minecraft/client/Minecraft$4	bba
net/minecraft/client/stream/ChatController$ChatState	bug
net/minecraft/client/renderer/texture/ITextureObject	bqh
net/minecraft/client/shader/TesselatorVertexState	bmi
net/minecraft/entity/ai/EntityAIPlay	va
net/minecraft/inventory/IInventory	rb
net/minecraft/network/NetworkSystem	nc
net/minecraft/network/play/client/C03PacketPlayer	jd
net/minecraft/util/ChatComponentStyle	fe
net/minecraft/command/CommandPlaySound	bf
net/minecraft/world/gen/MapGenBase	aqx
net/minecraft/block/BlockRail	amy
net/minecraft/world/gen/feature/WorldGenWaterlily	aiz
net/minecraft/world/gen/structure/StructureStrongholdPieces$Stones	auw
net/minecraft/entity/ai/EntityAIOwnerHurtTarget	vt
net/minecraft/potion/PotionHealth	ru
net/minecraft/server/management/PlayerProfileCache$ProfileEntry	nv
net/minecraft/network/login/client/C00PacketLoginStart	jw
net/minecraft/network/play/server/S11PacketSpawnExperienceOrb	fx
net/minecraft/command/server/CommandTestFor	by
net/minecraft/item/ItemCarrotOnAStick	abp
net/minecraft/enchantment/EnchantmentArrowInfinite	afo
net/minecraft/init/Blocks	ajn
net/minecraft/client/resources/SkinManager$SkinAvailableCallback	bro
net/minecraft/world/gen/structure/StructureStrongholdPieces$RoomCrossing	auv
net/minecraft/world/storage/WorldInfo$2	ayu
net/minecraft/util/Session	bbs
net/minecraft/client/gui/inventory/GuiFurnace	bfr
net/minecraft/client/network/OldServerPinger	bjq
net/minecraft/client/renderer/entity/RenderXPOrb	bnp
net/minecraft/dispenser/BehaviorProjectileDispense	kk
net/minecraft/network/play/server/S32PacketConfirmTransaction	gl
net/minecraft/dispenser/BehaviorDefaultDispenseItem	cm
net/minecraft/util/FoodStats	zr
net/minecraft/entity/ai/EntityAIOwnerHurtByTarget	vs
net/minecraft/world/gen/feature/WorldGenDeadBush	ark
net/minecraft/block/BlockSkull	anl
net/minecraft/block/Block$SoundType	ajm
net/minecraft/world/gen/structure/MapGenStructureData	avj
net/minecraft/client/gui/GuiScreenResourcePacks	bgf
net/minecraft/client/particle/EntityFireworkStarterFX	bke
net/minecraft/entity/passive/EntityChicken	wg
net/minecraft/entity/EntityList$EntityEggInfo	sh
net/minecraft/server/management/ServerConfigurationManager	oi
net/minecraft/network/status/client/C00PacketServerQuery	kj
net/minecraft/block/BlockColored	aka
net/minecraft/creativetab/CreativeTabs$6	acc
net/minecraft/enchantment/EnchantmentHelper$ModifierDamage	agb
net/minecraft/client/resources/data/AnimationMetadataSectionSerializer	bsb
net/minecraft/client/particle/EntityFireworkSparkFX	bkd
net/minecraft/client/renderer/entity/RenderItem$4	boc
net/minecraft/entity/item/EntityEnderCrystal	wz
net/minecraft/world/gen/feature/WorldGenVines	asr
net/minecraft/tileentity/TileEntity$1	aos
net/minecraft/block/BlockEndPortal	akt
net/minecraft/item/ItemFishingRod	acv
net/minecraft/world/ChunkCoordIntPair	agu
net/minecraft/block/material/MaterialLogic	awq
net/minecraft/client/audio/ISound$AttenuationType	bsu
net/minecraft/client/renderer/entity/RenderSpider	bov
net/minecraft/client/multiplayer/GuiConnecting$1	bcy
net/minecraft/client/particle/EntitySnowShovelFX	bkw
net/minecraft/realms/RealmsAnvilLevelStorageSource	net/minecraft/realms/RealmsAnvilLevelStorageSource
net/minecraft/entity/ai/attributes/RangedAttribute	to
net/minecraft/stats/StatList	pp
net/minecraft/server/dedicated/PropertyManager	lq
net/minecraft/network/play/server/S1EPacketRemoveEntityEffect	hr
net/minecraft/nbt/NBTSizeTracker	ds
net/minecraft/block/BlockGrass	alh
net/minecraft/item/ItemMinecart	adj
net/minecraft/client/audio/SoundPoolEntry	bti
net/minecraft/client/shader/ShaderGroup	bpj
net/minecraft/world/gen/NoiseGenerator	awp
net/minecraft/client/gui/GuiOptions	bdm
net/minecraft/client/model/ModelGhast	bhl
net/minecraft/client/entity/EntityPlayerSP	blk
net/minecraft/server/gui/PlayerListComponent	me
net/minecraft/network/NettyEncryptionTranslator	eg
net/minecraft/command/server/CommandBroadcast	ah
net/minecraft/entity/item/EntityMinecartChest	xm
net/minecraft/realms/Tezzelator	net/minecraft/realms/Tezzelator
net/minecraft/world/gen/structure/MapGenNetherBridge$Start	ate
net/minecraft/tileentity/TileEntityFlowerPot	apf
net/minecraft/block/BlockGlowstone	alg
net/minecraft/world/gen/layer/GenLayerAddSnow	axd
net/minecraft/client/gui/GuiSnooper	bea
net/minecraft/entity/monster/EntityEnderman	ya
net/minecraft/entity/ai/EntityAIControlledByPlayer	ub
net/minecraft/util/ThreadSafeBoundList	qc
net/minecraft/server/gui/MinecraftServerGui$5	md
net/minecraft/util/ChunkCoordinates	r
net/minecraft/world/gen/structure/MapGenScatteredFeature	atx
net/minecraft/world/chunk/Chunk$1	apy
net/minecraft/block/BlockCompressed	alz
net/minecraft/world/gen/layer/GenLayerShore	axw
net/minecraft/client/Minecraft$14	bau
net/minecraft/entity/NpcMerchant	yt
net/minecraft/entity/ai/EntityAIMoveTowardsTarget	uu
net/minecraft/util/WeightedRandom	qv
net/minecraft/entity/player/EntityPlayerMP	mw
net/minecraft/network/play/client/C0EPacketClickWindow	ix
net/minecraft/network/NetworkStatistics$PacketStatData	ey
net/minecraft/command/server/CommandMessage	az
net/minecraft/block/BlockOre	amn
net/minecraft/inventory/ContainerPlayer$1	aaq
net/minecraft/world/biome/BiomeGenOcean	aio
net/minecraft/world/gen/structure/StructureStrongholdPieces$SwitchDoor	aul
net/minecraft/client/stream/TwitchStream	buo
net/minecraft/client/resources/DefaultResourcePack	bqp
net/minecraft/client/Minecraft$13	bat
net/minecraft/client/gui/GuiKeyBindingList	bes
net/minecraft/client/model/ModelEnderCrystal	bir
net/minecraft/client/renderer/tileentity/TileEntityRendererPiston	bmq
net/minecraft/entity/ai/EntityAICreeperSwell	vi
net/minecraft/profiler/PlayerUsageSnooper$1	rj
net/minecraft/network/NetHandlerPlayServer$SwitchEnumState	nk
net/minecraft/network/play/client/C09PacketHeldItemChange	jl
net/minecraft/event/HoverEvent$Action	fm
net/minecraft/command/server/CommandSetDefaultSpawnpoint	bn
net/minecraft/item/ItemBlockWithMetadata	abe
net/minecraft/item/crafting/RecipesIngots	afd
net/minecraft/block/BlockContainer	ajc
net/minecraft/client/resources/ResourcePackRepository$1	brd
net/minecraft/world/gen/structure/StructureStrongholdPieces$2	auk
net/minecraft/world/storage/MapData$MapInfo	ayj
net/minecraft/client/renderer/OpenGlCapsChecker	bbh
net/minecraft/client/gui/inventory/GuiBrewingStand	bfg
net/minecraft/client/multiplayer/WorldClient	bjf
net/minecraft/client/renderer/entity/RenderBoat	bne
net/minecraft/network/play/server/S10PacketSpawnPainting	ga
net/minecraft/command/CommandWeather	cb
net/minecraft/entity/projectile/EntityLargeFireball	zg
net/minecraft/entity/ai/EntityAISit	vh
net/minecraft/creativetab/CreativeTabs$12	abx
net/minecraft/block/BlockRedstoneWire	ana
net/minecraft/client/gui/GuiMultiplayer	bfz
net/minecraft/client/particle/EntityDropParticleFX	bjy
net/minecraft/inventory/ContainerBrewingStand	zz
net/minecraft/world/gen/feature/WorldGenHellLava	ars
net/minecraft/block/BlockStaticLiquid	ant
net/minecraft/creativetab/CreativeTabs$11	abw
net/minecraft/enchantment/EnchantmentHelper	afv
net/minecraft/block/BlockCake	aju
net/minecraft/world/gen/structure/StructureVillagePieces$Field1	avr
net/minecraft/world/storage/MapStorage	azq
net/minecraft/client/gui/GuiStreamIndicator	bco
net/minecraft/client/resources/data/IMetadataSectionSerializer	brv
net/minecraft/client/renderer/entity/RenderBiped	bnw
net/minecraft/entity/passive/EntityPig	wo
net/minecraft/command/IEntitySelector$ArmoredMob	sp
net/minecraft/server/management/UserListBansEntry	oq
net/minecraft/init/Bootstrap$14	kr
net/minecraft/network/play/server/S40PacketDisconnect	gs
net/minecraft/util/ObjectIntIdentityMap	ct
net/minecraft/realms/RealmsEditBox	net/minecraft/realms/RealmsEditBox
net/minecraft/world/gen/feature/WorldGenPumpkin	asg
net/minecraft/block/BlockVine	aoh
net/minecraft/block/BlockRailDetector	aki
net/minecraft/item/ItemEgg	ack
net/minecraft/enchantment/EnchantmentThorns	agj
net/minecraft/world/gen/structure/StructureVillagePieces$Well	awf
net/minecraft/client/resources/data/TextureMetadataSectionSerializer	bsj
net/minecraft/client/renderer/entity/RenderLiving	bok
net/minecraft/client/gui/GuiOptionSlider	bcn
net/minecraft/client/gui/stream/GuiIngestServers	bgm
net/minecraft/client/particle/EntityNoteFX	bkl
net/minecraft/entity/boss/EntityWither	xc
net/minecraft/entity/EntityCreature	td
net/minecraft/stats/StatBasic	pe
net/minecraft/network/play/server/S14PacketEntity$S15PacketEntityRelMove	hg
net/minecraft/nbt/NBTTagCompound	dh
net/minecraft/world/gen/structure/StructureVillagePieces$Road	awe
net/minecraft/client/gui/GuiCreateWorld	bdb
net/minecraft/server/gui/MinecraftServerGui	ly
net/minecraft/network/play/server/S04PacketEntityEquipment	hz
net/minecraft/world/gen/structure/StructureMineshaftPieces$Corridor	asy
net/minecraft/tileentity/TileEntityComparator	aoz
net/minecraft/world/gen/layer/GenLayerDeepOcean	awx
net/minecraft/client/gui/GuiDownloadTerrain	bdu
net/minecraft/client/model/ModelOcelot	bht
net/minecraft/client/renderer/tileentity/TileEntityRendererChestHelper	bls
net/minecraft/command/CommandXP	ap
net/minecraft/entity/ai/EntityMinecartMobSpawner$1	xu
net/minecraft/entity/ai/EntityMoveHelper	tv
net/minecraft/util/HttpUtil$1	pw
net/minecraft/server/dedicated/DedicatedServer$4	lx
net/minecraft/crash/CrashReport$5	g
net/minecraft/world/gen/structure/StructureNetherBridgePieces$Crossing2	atm
net/minecraft/tileentity/TileEntitySkull	apn
net/minecraft/block/BlockHugeMushroom	alo
net/minecraft/item/EnumRarity	adq
net/minecraft/world/Teleporter	ahp
net/minecraft/world/gen/layer/IntCache	axl
net/minecraft/client/renderer/ActiveRenderInfo	baj
net/minecraft/client/audio/SoundHandler	btp
net/minecraft/client/renderer/texture/DynamicTexture	bpq
net/minecraft/client/util/RenderDistanceSorter	blr
net/minecraft/entity/IRangedAttackMob	yi
net/minecraft/entity/ai/EntityAITasks	uj
net/minecraft/util/IProgressUpdate	qk
net/minecraft/world/demo/DemoWorldManager	ml
net/minecraft/network/play/server/S20PacketEntityProperties$Snapshot	im
net/minecraft/network/NetworkManager$InboundHandlerTuplePacketListener	en
net/minecraft/command/CommandEnchant	ao
net/minecraft/block/BlockMushroom	amc
net/minecraft/item/ItemMonsterPlacer	aee
net/minecraft/inventory/ContainerWorkbench	aaf
net/minecraft/world/biome/BiomeGenHills	aid
net/minecraft/world/gen/structure/ComponentScatteredFeaturePieces$1	aua
net/minecraft/client/stream/BroadcastController$BroadcastListener	bud
net/minecraft/client/renderer/texture/TextureAtlasSprite$1	bqe
net/minecraft/client/gui/achievement/GuiAchievement	beh
net/minecraft/client/model/ModelSpider	big
net/minecraft/network/play/client/C02PacketUseEntity	ja
net/minecraft/network/INetHandler	fb
net/minecraft/command/server/CommandOp	bc
net/minecraft/block/BlockPressurePlate$Sensitivity	amv
net/minecraft/item/crafting/RecipesDyes	aex
net/minecraft/inventory/Slot	aay
net/minecraft/world/biome/BiomeGenTaiga	aiw
net/minecraft/command/CommandBase	y
net/minecraft/util/ResourceLocation	bqx
net/minecraft/client/network/NetHandlerLoginClient	biz
net/minecraft/client/renderer/culling/ClippingHelper	bmy
net/minecraft/network/login/server/S01PacketEncryptionRequest	jt
net/minecraft/network/play/server/S08PacketPlayerPosLook	fu
net/minecraft/command/server/CommandTeleport	bv
net/minecraft/realms/RealmsConnect	net/minecraft/realms/RealmsConnect
net/minecraft/item/ItemBow	abm
net/minecraft/block/BlockPressurePlate	amu
net/minecraft/world/gen/structure/StructureStrongholdPieces$PortalRoom	aus
net/minecraft/world/storage/SaveFormatOld	ayr
net/minecraft/util/ScreenShotHelper	bbp
net/minecraft/client/renderer/InventoryEffectRenderer	bfo
net/minecraft/client/multiplayer/ServerData	bjn
net/minecraft/client/renderer/entity/RenderEnderman	bnm
net/minecraft/entity/projectile/EntityPotion	zo
net/minecraft/entity/ai/EntityAINearestAttackableTarget$1	vp
net/minecraft/util/EntityDamageSourceIndirect	rq
net/minecraft/server/management/BanEntry	nr
net/minecraft/world/gen/feature/WorldGenCactus	arh
net/minecraft/block/BlockSandStone	ani
net/minecraft/item/ItemGlassBottle	abl
net/minecraft/item/crafting/RecipesTools	afk
net/minecraft/block/Block$1	ajj
net/minecraft/world/gen/structure/MapGenStructure$2	avg
net/minecraft/world/storage/SaveFormatComparator	azf
net/minecraft/client/gui/GuiTextField	bcd
net/minecraft/client/resources/SkinManager$1	brk
net/minecraft/client/renderer/entity/RenderDragon	bnl
net/minecraft/entity/passive/EntityAmbientCreature	wd
net/minecraft/entity/Entity$EnumEntitySize	se
net/minecraft/server/management/PreYggdrasilConverter$6	of
net/minecraft/network/ServerStatusResponse$MinecraftProtocolVersionIdentifier$Serializer	kg
net/minecraft/network/play/server/S23PacketBlockChange	gh
net/minecraft/command/WrongUsageException	ci
net/minecraft/world/gen/structure/StructureVillagePieces$House2	avz
net/minecraft/realms/RealmsButton	net/minecraft/realms/RealmsButton
net/minecraft/client/gui/GuiNewChat	bcc
net/minecraft/client/gui/ServerListEntryLanDetected	bgb
net/minecraft/client/particle/EntityExplodeFX	bka
net/minecraft/entity/boss/IBossDisplayData	ww
net/minecraft/entity/EnumCreatureType	sx
net/minecraft/network/rcon/RConThreadQuery$Auth	oy
net/minecraft/init/Bootstrap$8	kz
net/minecraft/block/BlockDropper	akq
net/minecraft/item/ItemFirework	acs
net/minecraft/tileentity/MobSpawnerBaseLogic$WeightedRandomMinecart	agr
net/minecraft/client/audio/SoundList$SoundEntry$Type	bsr
net/minecraft/client/renderer/entity/RenderSkeleton	bos
net/minecraft/world/gen/structure/StructureVillagePieces$Church	avy
net/minecraft/scoreboard/ScoreObjective	azx
net/minecraft/client/gui/GuiYesNoCallback	bcv
net/minecraft/client/main/Main$1$1	bgu
net/minecraft/client/particle/EntityPortalFX	bkt
net/minecraft/server/management/PlayerPositionComparator	ln
net/minecraft/network/play/server/S38PacketPlayerListItem	ho
net/minecraft/nbt/NBTTagInt	dp
net/minecraft/entity/passive/EntityWolf	wv
net/minecraft/world/gen/feature/WorldGenTaiga2	asn
net/minecraft/block/BlockWoodSlab	aoo
net/minecraft/client/gui/GuiLanguage	bdj
net/minecraft/client/model/ModelCow	bhi
net/minecraft/client/entity/AbstractClientPlayer$SwitchType	blh
net/minecraft/command/server/CommandAchievement	ae
net/minecraft/entity/item/EntityFallingBlock	xj
net/minecraft/entity/ai/attributes/BaseAttribute	tk
net/minecraft/stats/StatBase$4	pl
net/minecraft/server/MinecraftServer$6	lm
net/minecraft/world/gen/structure/StructureMineshaftPieces$Stairs	atb
net/minecraft/tileentity/TileEntityDropper	apc
net/minecraft/block/BlockFlowerPot	ald
net/minecraft/item/ItemLead	adf
net/minecraft/world/World$3	ahe
net/minecraft/world/gen/layer/GenLayerEdge$Mode	axa
net/minecraft/client/multiplayer/ThreadLanServerPing	bte
net/minecraft/client/renderer/entity/RenderZombie	bpf
net/minecraft/server/gui/MinecraftServerGui$2	ma
net/minecraft/network/play/server/S06PacketUpdateHealth	ib
net/minecraft/nbt/JsonToNBT$Any	ec
net/minecraft/command/PlayerSelector	ad
net/minecraft/world/gen/structure/StructureNetherBridgePieces$Crossing	atu
net/minecraft/world/chunk/NibbleArray	apv
net/minecraft/block/BlockLiquid	alw
net/minecraft/item/ItemSpade	ady
net/minecraft/world/biome/BiomeGenBase$SpawnListEntry	ahx
net/minecraft/world/gen/layer/GenLayerRiverInit	axt
net/minecraft/client/renderer/StitcherException	bpy
net/minecraft/entity/ai/EntityAIMoveIndoors	ur
net/minecraft/world/WorldServer	mt
net/minecraft/network/play/client/C15PacketClientSettings	iu
net/minecraft/network/NetworkStatistics$1	ev
net/minecraft/command/CommandKill	aw
net/minecraft/block/BlockObsidian	amk
net/minecraft/item/ItemEditableBook	aem
net/minecraft/inventory/ContainerHorseInventory$1	aan
net/minecraft/world/biome/BiomeGenMesa	ail
net/minecraft/crash/CrashReportCategory$3	n
net/minecraft/client/stream/IngestServerTester$IngestTestState	bul
net/minecraft/client/renderer/texture/TextureCompass	bqm
net/minecraft/world/gen/layer/GenLayerRemoveTooMuchOcean	axs
net/minecraft/client/Minecraft$10	baq
net/minecraft/client/gui/achievement/GuiStats$StatsMobsList	bep
net/minecraft/client/model/ModelWolf	bio
net/minecraft/client/renderer/entity/RenderEnchantmentTable	bmn
net/minecraft/network/NetHandlerPlayServer	nh
net/minecraft/network/play/client/C07PacketPlayerDigging	ji
net/minecraft/util/IChatComponent	fj
net/minecraft/command/server/CommandScoreboard	bk
net/minecraft/entity/monster/EntityWitch	yp
net/minecraft/item/ItemArmor	abb
net/minecraft/world/chunk/storage/RegionFile$ChunkBuffer	aqi
net/minecraft/block/BlockNote	amj
net/minecraft/world/gen/structure/MapGenStronghold$Start	auh
net/minecraft/pathfinding/PathFinder	ayg
net/minecraft/client/Minecraft$8	bbe
net/minecraft/client/gui/inventory/GuiBeacon$Button	bfd
net/minecraft/client/network/NetHandlerPlayClient$1	bjc
net/minecraft/client/renderer/entity/RenderArrow	bnb
net/minecraft/entity/item/EntityEnderEye	zd
net/minecraft/entity/ai/EntityAIRestrictOpenDoor	ve
net/minecraft/util/IIcon	rf
net/minecraft/network/NetworkSystem$4	ng
net/minecraft/item/ItemAnvilBlock	aba
net/minecraft/world/storage/WorldInfo$7	ayz
net/minecraft/client/gui/MapItemRenderer	bbx
net/minecraft/inventory/ContainerRepair$2	zw
net/minecraft/entity/ai/RandomPositionGenerator	vx
net/minecraft/entity/passive/IAnimals	ry
net/minecraft/server/management/PreYggdrasilConverter	nz
net/minecraft/world/gen/feature/WorldGenShrub	arp
net/minecraft/block/BlockStainedGlass	anq
net/minecraft/creativetab/CreativeTabs	abt
net/minecraft/enchantment/EnchantmentDigging	afs
net/minecraft/block/BlockBush	ajr
net/minecraft/world/gen/structure/MapGenVillage$Start	avo
net/minecraft/client/resources/Locale	brs
net/minecraft/client/gui/Gui	bbw
net/minecraft/client/gui/GuiMerchant	bfv
net/minecraft/client/particle/EntityBreakingFX	bju
net/minecraft/client/renderer/entity/RenderGhast	bnt
net/minecraft/entity/monster/EntityGolem	wl
net/minecraft/command/IEntitySelector$3	sm
net/minecraft/server/management/UserList$1	on
net/minecraft/init/Bootstrap$11	ko
net/minecraft/network/play/server/S31PacketWindowProperty	gp
net/minecraft/dispenser/IBehaviorDispenseItem$1	cq
net/minecraft/block/BlockTrapDoor	aoe
net/minecraft/block/BlockCrops	akf
net/minecraft/item/ItemDoor	ach
net/minecraft/enchantment/EnchantmentLootBonus	agg
net/minecraft/client/resources/data/PackMetadataSection	bsg
net/minecraft/client/gui/GuiOptionsRowList	bck
net/minecraft/client/gui/GuiResourcePackAvailable	bgj
net/minecraft/client/particle/EntityLargeExplodeFX	bki
net/minecraft/client/renderer/entity/RendererLivingEntity	boh
net/minecraft/client/util/JsonException$1	lc
net/minecraft/network/play/server/S01PacketJoinGame	hd
net/minecraft/util/StringTranslate	de
net/minecraft/entity/passive/EntityHorse$GroupData	wk
net/minecraft/world/gen/feature/WorldGenMelon	asc
net/minecraft/block/BlockLeavesBase	aod
net/minecraft/world/gen/structure/StructureVillagePieces$Path	awb
net/minecraft/network/rcon/RConThreadMain	pa
net/minecraft/world/gen/structure/StructureBoundingBox	asv
net/minecraft/tileentity/TileEntityChest	aow
net/minecraft/block/BlockFalling	akx
net/minecraft/item/ItemHangingEntity	acz
net/minecraft/world/GameRules	agy
net/minecraft/block/material/Material$1	awu
net/minecraft/client/gui/GuiFlatPresets$LayerItem	bdr
net/minecraft/server/integrated/IntegratedServer$1	bsy
net/minecraft/client/renderer/entity/RenderIronGolem	boz
net/minecraft/entity/item/EntityMinecartHopper	xr
net/minecraft/util/CryptManager	pt
net/minecraft/server/dedicated/DedicatedServer$1	lu
net/minecraft/network/play/server/S3DPacketDisplayScoreboard	hv
net/minecraft/nbt/NBTTagShort	dw
net/minecraft/world/gen/structure/StructureNetherBridgePieces$Corridor3	atj
net/minecraft/tileentity/TileEntityMobSpawner$1	apk
net/minecraft/block/BlockHardenedClay	all
net/minecraft/item/ItemPickaxe	adn
net/minecraft/world/WorldType	ahm
net/minecraft/client/audio/SoundManager$2$1	btm
net/minecraft/client/shader/ShaderLinkHelper	bpn
net/minecraft/client/gui/GuiFlatPresets	bdq
net/minecraft/client/model/ModelLeashKnot	bhp
net/minecraft/client/renderer/WorldRenderer	blo
net/minecraft/entity/monster/EntityMagmaCube	yf
net/minecraft/entity/ai/EntityAIFollowOwner	ug
net/minecraft/util/MathHelper	qh
net/minecraft/network/play/server/S0DPacketCollectItem	ij
net/minecraft/network/NetworkManager$1	ek
net/minecraft/command/CommandDefaultGameMode	al
net/minecraft/item/ItemSkull	aeb
net/minecraft/inventory/ICrafting	aac
net/minecraft/world/biome/BiomeDecorator	aia
net/minecraft/crash/CrashReport$1	c
net/minecraft/client/stream/BroadcastController	bua
net/minecraft/client/renderer/texture/TextureMap$2	bqb
net/minecraft/scoreboard/ScoreDummyCriteria	baf
net/minecraft/client/gui/GuiMainMenu	bee
net/minecraft/client/renderer/ImageBufferDownload	bmc
net/minecraft/entity/monster/EntityGiantZombie	ye
net/minecraft/inventory/InventoryEnderChest	aav
net/minecraft/util/Util$EnumOS	v
net/minecraft/client/Minecraft$2	bay
net/minecraft/client/gui/inventory/GuiContainer	bex
net/minecraft/client/renderer/culling/ICamera	bmv
net/minecraft/command/CommandSpreadPlayers$Position	bs
net/minecraft/entity/player/InventoryPlayer	yx
net/minecraft/entity/ai/EntityAIOpenDoor	uy
net/minecraft/world/WorldProviderSurface	aqq
net/minecraft/block/BlockPotato	amr
net/minecraft/world/biome/BiomeGenSavanna	ais
net/minecraft/world/gen/structure/StructureStrongholdPieces$LeftTurn	aup
net/minecraft/world/chunk/storage/AnvilSaveConverter$1	ayo
net/minecraft/client/settings/GameSettings$Options	bbm
net/minecraft/realms/RealmsConnect$1	bus
net/minecraft/client/resources/FoliageColorReloadListener	bqt
net/minecraft/entity/projectile/EntityEgg	zl
net/minecraft/entity/ai/EntityAIDefendVillage	vm
net/minecraft/util/CombatTracker	rn
net/minecraft/server/network/NetHandlerLoginServer$1	no
net/minecraft/network/handshake/client/C00Handshake	jp
net/minecraft/util/ChatComponentText	fq
net/minecraft/command/CommandSpreadPlayers	br
net/minecraft/world/gen/feature/WorldGenForest	are
net/minecraft/block/BlockRedstoneRepeater	anf
net/minecraft/item/ItemReed	abi
net/minecraft/item/crafting/ShapedRecipes	afh
net/minecraft/block/BlockBeacon	ajg
net/minecraft/world/gen/structure/StructureStrongholdPieces$Stronghold$Door	avd
net/minecraft/world/storage/ISaveHandler	azc
net/minecraft/client/resources/SimpleReloadableResourceManager$1	brh
net/minecraft/client/gui/inventory/CreativeCrafting	bfk
net/minecraft/client/multiplayer/WorldClient$4	bjj
net/minecraft/client/renderer/entity/RenderCreeper	bni
net/minecraft/village/Village$VillageAgressor	wa
net/minecraft/entity/Entity$1	sb
net/minecraft/server/management/PreYggdrasilConverter$3	oc
net/minecraft/network/ServerStatusResponse$PlayerCountData$Serializer	kd
net/minecraft/network/play/server/S25PacketBlockBreakAnim	ge
net/minecraft/command/SyntaxErrorException	cf
net/minecraft/block/BlockStoneSlab	any
net/minecraft/block/BlockCocoa	ajz
net/minecraft/world/storage/WorldInfo$9	azb
net/minecraft/network/rcon/RConConsoleSource	ov
net/minecraft/init/Bootstrap$5$1	kw
net/minecraft/network/play/server/S21PacketChunkData	gx
net/minecraft/dispenser/PositionImpl	cy
net/minecraft/item/ItemExpBottle	acp
net/minecraft/client/renderer/entity/RenderPlayer	bop
net/minecraft/world/gen/feature/WorldGenIceSpike	arw
net/minecraft/block/BlockButtonStone	anx
net/minecraft/world/gen/structure/StructureVillagePieces$Hall	avv
net/minecraft/util/MovingObjectPosition	azu
net/minecraft/client/gui/ScreenChatOptions	bcs
net/minecraft/client/gui/stream/GuiStreamUnavailable$Reason	bgr
net/minecraft/client/particle/EffectRenderer$3	bkq
net/minecraft/nbt/NBTTagFloat	dm
net/minecraft/entity/passive/EntitySquid	ws
net/minecraft/entity/item/EntityItemFrame	st
net/minecraft/network/rcon/RConUtils	ou
net/minecraft/world/gen/feature/WorldGenSavannaTree	ask
net/minecraft/block/BlockPressurePlateWeighted	aol
net/minecraft/block/BlockDispenser	akm
net/minecraft/item/ItemEnderPearl	aco
net/minecraft/village/MerchantRecipe	agn
net/minecraft/world/gen/NoiseGeneratorImproved	awj
net/minecraft/client/gui/GuiScreenAddServer	bdg
net/minecraft/client/audio/MovingSoundMinecartRiding	bsn
net/minecraft/client/renderer/entity/RenderPig	boo
net/minecraft/entity/effect/EntityWeatherEffect	xg
net/minecraft/entity/ai/attributes/IAttribute	th
net/minecraft/stats/StatBase$1	pi
net/minecraft/server/MinecraftServer$3	lj
net/minecraft/network/play/server/S39PacketPlayerAbilities	hk
net/minecraft/nbt/NBTTagEnd	dl
net/minecraft/block/BlockFenceGate	ala
net/minecraft/item/Item$ToolMaterial	adc
net/minecraft/world/World	ahb
net/minecraft/client/network/LanServerDetector$LanServer	btb
net/minecraft/client/renderer/entity/RenderWither	bpc
net/minecraft/client/gui/GuiDisconnected	bdf
net/minecraft/client/model/ModelBoat	bhe
net/minecraft/client/particle/EntityDiggingFX	bld
net/minecraft/entity/monster/EntityCreeper	xz
net/minecraft/command/ICommand	aa
net/minecraft/block/BlockLeaves	alt
net/minecraft/item/ItemSeedFood	adv
net/minecraft/world/biome/BiomeGenBase	ahu
net/minecraft/client/audio/ISoundEventAccessor	btu
net/minecraft/client/renderer/texture/Stitcher	bpv
net/minecraft/client/gui/GuiSelectWorld$List	bdy
net/minecraft/client/model/ModelSheep1	bhx
net/minecraft/client/renderer/EntityRenderer$3	blw
net/minecraft/server/management/PlayerManager	mq
net/minecraft/network/play/client/C01PacketChatMessage	ir
net/minecraft/network/EnumConnectionState$1	es
net/minecraft/command/CommandGive	at
net/minecraft/entity/monster/EntityCaveSpider	xy
net/minecraft/item/ItemLilyPad	aej
net/minecraft/inventory/SlotFurnace	aak
net/minecraft/crash/CrashReportCategory	k
net/minecraft/world/gen/structure/StructureNetherBridgePieces$NetherStalkRoom	atq
net/minecraft/block/BlockPistonMoving	apr
net/minecraft/world/gen/layer/GenLayer$2	axp
net/minecraft/client/renderer/GLAllocation	ban
net/minecraft/client/gui/achievement/GuiStats$StatsGeneral	bem
net/minecraft/client/model/ModelZombieVillager	bil
net/minecraft/client/renderer/tileentity/TileEntityRendererDispatcher	bmk
net/minecraft/command/server/CommandSaveAll	bh
net/minecraft/entity/monster/EntitySlime	ym
net/minecraft/entity/ai/EntityAIWatchClosest	un
net/minecraft/world/WorldManager	mp
net/minecraft/world/chunk/storage/ChunkLoader	aqf
net/minecraft/block/BlockNetherrack	amg
net/minecraft/item/EnumAction	aei
net/minecraft/world/biome/BiomeGenForest$2	aih
net/minecraft/world/gen/structure/ComponentScatteredFeaturePieces$Feature	aue
net/minecraft/pathfinding/Path	ayd
net/minecraft/client/Minecraft$5	bbb
net/minecraft/client/gui/inventory/GuiBeacon$CancelButton	bfa
net/minecraft/client/stream/ChatController$ChatListener	buh
net/minecraft/client/renderer/texture/TextureUtil	bqi
net/minecraft/entity/player/EntityPlayer$EnumStatus	za
net/minecraft/entity/ai/EntityAILookIdle	vb
net/minecraft/inventory/IInvBasic	rc
net/minecraft/network/NetworkSystem$1	nd
net/minecraft/network/play/client/C03PacketPlayer$C04PacketPlayerPosition	je
net/minecraft/util/ChatComponentStyle$1	ff
net/minecraft/world/gen/MapGenCavesHell	aqy
net/minecraft/block/BlockRedstoneOre	amz
net/minecraft/world/storage/WorldInfo$4	ayw
net/minecraft/inventory/AnimalChest	zt
net/minecraft/entity/ai/EntityAITarget	vu
net/minecraft/potion/Potion	rv
net/minecraft/server/management/PlayerProfileCache$Serializer	nw
net/minecraft/network/login/client/C01PacketEncryptionResponse	jx
net/minecraft/network/play/server/S2CPacketSpawnGlobalEntity	fy
net/minecraft/command/CommandTime	bz
net/minecraft/block/BlockSnow	ann
net/minecraft/item/ItemCoal	abq
net/minecraft/enchantment/EnchantmentArrowKnockback	afp
net/minecraft/block/IGrowable	ajo
net/minecraft/client/resources/I18n	brp
net/minecraft/world/storage/WorldInfo$3	ayv
net/minecraft/util/Session$Type	bbt
net/minecraft/client/gui/GuiHopper	bfs
net/minecraft/client/network/OldServerPinger$1	bjr
net/minecraft/client/renderer/entity/RenderFallingBlock	bnq
net/minecraft/server/management/UserListOpsEntry	ok
net/minecraft/init/Bootstrap	kl
net/minecraft/network/play/server/S2EPacketCloseWindow	gm
net/minecraft/util/RegistryNamespacedDefaultedByKey	cn
net/minecraft/inventory/Container	zs
net/minecraft/creativetab/CreativeTabs$8	ace
net/minecraft/world/gen/feature/WorldGenDesertWells	arl
net/minecraft/block/BlockSnowBlock	anm
net/minecraft/world/gen/structure/StructureComponent	avk
net/minecraft/client/gui/GuiListExtended	bch
net/minecraft/client/resources/ResourcePackListEntry	bgg
net/minecraft/client/particle/EntityFlameFX	bkf
net/minecraft/client/renderer/entity/RenderMagmaCube	boe
net/minecraft/entity/passive/EntityCow	wh
net/minecraft/server/management/UserListOps	oj
net/minecraft/block/BlockPane	aoa
net/minecraft/block/BlockCommandBlock	akb
net/minecraft/creativetab/CreativeTabs$7	acd
net/minecraft/enchantment/EnchantmentData	agc
net/minecraft/client/resources/data/FontMetadataSection	bsc
net/minecraft/client/renderer/entity/RenderSnowball	bod
net/minecraft/realms/RealmsBridge	net/minecraft/realms/RealmsBridge
net/minecraft/util/RegistrySimple	da
net/minecraft/world/gen/FlatGeneratorInfo	ass
net/minecraft/tileentity/TileEntity$2	aot
net/minecraft/block/BlockEndPortalFrame	aku
net/minecraft/item/ItemFlintAndSteel	acw
net/minecraft/block/material/MaterialTransparent	awr
net/minecraft/client/audio/ITickableSound	bsv
net/minecraft/client/renderer/entity/RenderSquid	bow
net/minecraft/client/gui/GuiCreateFlatWorld	bcz
net/minecraft/client/particle/EntitySpellParticleFX	bkx
net/minecraft/entity/EntityMinecartCommandBlock$1	xo
net/minecraft/stats/StatFileWriter	pq
net/minecraft/server/gui/IUpdatePlayerListBox	lr
net/minecraft/network/play/server/S07PacketRespawn	hs
net/minecraft/nbt/NBTSizeTracker$1	dt
net/minecraft/tileentity/IHopper	aph
net/minecraft/block/BlockGravel	ali
net/minecraft/item/ItemMinecart$1	adk
net/minecraft/world/WorldSettings	ahj
net/minecraft/client/audio/SoundManager	btj
net/minecraft/client/shader/Shader	bpk
net/minecraft/client/gui/GuiOptions$1	bdn
net/minecraft/client/model/ModelBiped	bhm
net/minecraft/client/entity/EntityOtherPlayerMP	bll
net/minecraft/server/gui/StatsComponent	mf
net/minecraft/network/play/server/S05PacketSpawnPosition	ig
net/minecraft/network/NettyEncryptingDecoder	eh
net/minecraft/command/CommandClearInventory	ai
net/minecraft/entity/EntityMinecartCommandBlock	xn
net/minecraft/world/gen/structure/StructureNetherBridgePieces	atf
net/minecraft/tileentity/TileEntityFurnace	apg
net/minecraft/world/gen/layer/GenLayerBiomeEdge	axe
net/minecraft/scoreboard/Scoreboard	bac
net/minecraft/client/gui/GuiSnooper$List	beb
net/minecraft/client/model/ModelSilverfish	bia
net/minecraft/entity/monster/IMob	yb
net/minecraft/entity/ai/EntityAIDoorInteract	uc
net/minecraft/util/LongHashMap	qd
net/minecraft/util/ReportedException	s
net/minecraft/client/ClientBrandRetriever	net/minecraft/client/ClientBrandRetriever
net/minecraft/world/chunk/storage/ExtendedBlockStorage	apz
net/minecraft/world/gen/structure/MapGenScatteredFeature$Start	aty
net/minecraft/world/gen/layer/GenLayerSmooth	axx
net/minecraft/client/Minecraft$15	bav
net/minecraft/client/gui/GuiKeyBindingList$CategoryEntry	beu
net/minecraft/entity/INpc	yu
net/minecraft/entity/ai/EntityAIOcelotAttack	uv
net/minecraft/util/WeightedRandom$Item	qw
net/minecraft/server/management/ItemInWorldManager	mx
net/minecraft/network/play/client/C0DPacketCloseWindow	iy
net/minecraft/util/MessageDeserializer	ez
net/minecraft/block/BlockPackedIce	amo
net/minecraft/world/biome/BiomeGenPlains	aip
net/minecraft/world/gen/structure/StructureStrongholdPieces$ChestCorridor	aum
net/minecraft/world/WorldSavedData	ayl
net/minecraft/client/stream/TwitchStream$1	bup
net/minecraft/client/resources/FallbackResourceManager	bqq
net/minecraft/client/gui/GuiKeyBindingList$1	bet
net/minecraft/client/model/ModelBox	bis
net/minecraft/client/renderer/tileentity/TileEntitySignRenderer	bmr
net/minecraft/entity/projectile/EntitySmallFireball	zi
net/minecraft/entity/ai/EntityAIFollowGolem	vj
net/minecraft/profiler/IPlayerUsage	rk
net/minecraft/server/network/NetHandlerHandshakeTCP	nl
net/minecraft/network/play/client/C10PacketCreativeInventoryAction	jm
net/minecraft/util/ChatStyle	fn
net/minecraft/command/CommandSetPlayerTimeout	bo
net/minecraft/block/BlockRedstoneTorch	anc
net/minecraft/item/ItemAxe	abf
net/minecraft/item/crafting/CraftingManager	afe
net/minecraft/block/BlockBasePressurePlate	ajd
net/minecraft/client/resources/ResourcePackRepository$2	bre
net/minecraft/world/storage/MapData$MapCoord	ayk
net/minecraft/client/gui/GuiCommandBlock	bfh
net/minecraft/client/multiplayer/WorldClient$1	bjg
net/minecraft/client/renderer/entity/RenderCaveSpider	bnf
net/minecraft/network/status/server/S00PacketServerInfo	ka
net/minecraft/network/play/server/S0CPacketSpawnPlayer	gb
net/minecraft/command/server/CommandWhitelist	cc
net/minecraft/entity/IProjectile	zh
net/minecraft/creativetab/CreativeTabs$2	aby
net/minecraft/world/gen/ChunkProviderEnd	ara
net/minecraft/block/BlockRedstoneLight	anb
net/minecraft/client/particle/EntityEnchantmentTableParticleFX	bjz
net/minecraft/client/renderer/entity/RenderItem	bny
net/minecraft/dispenser/ILocation	cv
net/minecraft/block/BlockStem	anu
net/minecraft/enchantment/EnchantmentHelper$1	afw
net/minecraft/block/BlockCarrot	ajv
net/minecraft/world/gen/structure/StructureVillagePieces$Field2	avs
net/minecraft/world/storage/ThreadedFileIOBase	azr
net/minecraft/client/gui/GuiButtonRealmsProxy	bcp
net/minecraft/client/resources/data/IMetadataSerializer	brw
net/minecraft/client/renderer/tileentity/RenderItemFrame	bnx
net/minecraft/entity/passive/EntitySheep	wp
net/minecraft/entity/item/EntityXPOrb	sq
net/minecraft/server/management/UserListWhitelist	or
net/minecraft/init/Bootstrap$2	ks
net/minecraft/network/play/server/S19PacketEntityStatus	gt
net/minecraft/dispenser/ILocatableSource	cu
net/minecraft/world/gen/feature/WorldGenReed	ash
net/minecraft/block/BlockWall	aoi
net/minecraft/block/BlockRedstoneDiode	akj
net/minecraft/item/ItemEmptyMap	acl
net/minecraft/enchantment/EnchantmentUntouching	agk
net/minecraft/client/audio/PositionedSound	bsk
net/minecraft/client/renderer/entity/RenderMooshroom	bol
net/minecraft/client/gui/stream/GuiIngestServers$ServerList	bgn
net/minecraft/client/particle/EntityFX	bkm
net/minecraft/entity/boss/EntityWither$1	xd
net/minecraft/entity/DataWatcher	te
net/minecraft/stats/StatCrafting	pf
net/minecraft/server/ServerEula	lg
net/minecraft/network/play/server/S14PacketEntity$S17PacketEntityLookMove	hh
net/minecraft/nbt/NBTTagCompound$1	di
net/minecraft/client/gui/GuiGameOver	bdc
net/minecraft/client/particle/EntityAuraFX	bla
net/minecraft/server/management/LowerStringMap	py
net/minecraft/server/gui/MinecraftServerGui$1	lz
net/minecraft/item/ItemRedstone	ads
net/minecraft/client/renderer/ThreadDownloadImageData$1	bps
net/minecraft/world/gen/structure/StructureMineshaftPieces$Cross	asz
net/minecraft/world/gen/layer/GenLayerEdge	awy
net/minecraft/client/gui/GuiRenameWorld	bdv
net/minecraft/client/model/ModelPig	bhu
net/minecraft/client/renderer/EntityRenderer	blt
net/minecraft/network/EnumConnectionState$2	ep
net/minecraft/command/CommandDifficulty	aq
net/minecraft/entity/item/EntityMinecartTNT	xv
net/minecraft/entity/ai/EntityAIAvoidEntity	tw
net/minecraft/util/HttpUtil$DownloadListener	px
net/minecraft/crash/CrashReport$6	h
net/minecraft/world/gen/structure/StructureNetherBridgePieces$Corridor	atn
net/minecraft/tileentity/TileEntityEndPortal	apo
net/minecraft/block/BlockIce	alp
net/minecraft/item/ItemRecord	adr
net/minecraft/world/Teleporter$PortalPosition	ahq
net/minecraft/world/gen/layer/GenLayerIsland	axm
net/minecraft/client/gui/ChatLine	bak
net/minecraft/client/gui/achievement/GuiStats	bej
net/minecraft/client/audio/SoundHandler$1	btq
net/minecraft/client/renderer/ThreadDownloadImageData	bpr
net/minecraft/entity/SharedMonsterAttributes	yj
net/minecraft/entity/ai/EntityAITasks$EntityAITaskEntry	uk
net/minecraft/world/WorldServerMulti	mm
net/minecraft/network/play/server/S1DPacketEntityEffect	in
net/minecraft/network/EnumConnectionState	eo
